2026-05-06T19:51:40.633+08:00  INFO 4491 --- [jetlinks-platform] [main] org.jetlinks.pro.Application             : Starting Application using Java 21.0.9 with PID 4491 (/Volumes/minisHd/工作/演示/jetlinks-project-template/bootstrap/target/classes started by cding in /Volumes/minisHd/工作/演示)
2026-05-06T19:51:40.635+08:00  INFO 4491 --- [jetlinks-platform] [main] org.jetlinks.pro.Application             : The following 3 profiles are active: "default", "dev", "local"
2026-05-06T19:51:43.544+08:00  INFO 4491 --- [jetlinks-platform] [main] o.h.web.id.SnowflakeIdGenerator          : worker starting. timestamp left shift 22, datacenter id bits 5, worker id bits 5, sequence bits 12, workerid 28
2026-05-06T19:51:44.234+08:00  INFO 4491 --- [jetlinks-platform] [main] io.scalecube.cluster.ClusterImpl         : [null][doStart] Starting, config: ClusterConfig[metadata=null, metadataTimeout=3000, metadataCodec=io.scalecube.cluster.metadata.JdkMetadataCodec@463e0b6a, memberAlias='jetlinks-platform:8844', externalHost='127.0.0.1', externalPort=18844, transportConfig=TransportConfig[port=18844, clientSecured=false, connectTimeout=3000, messageCodec=org.jetlinks.pro.configure.cluster.CustomMessageCodec@2625eb84, maxFrameLength=2097152, transportFactory=io.scalecube.transport.netty.tcp.TcpTransportFactory@3d2a164e, addressMapper=java.util.function.Function$$Lambda/0x000000c80100ae60@3725471], failureDetectorConfig=FailureDetectorConfig[pingInterval=1000, pingTimeout=3000, pingReqMembers=3], gossipConfig=GossipConfig[gossipFanout=3, gossipInterval=200, gossipRepeatMult=3, gossipSegmentationThreshold=1000], membershipConfig=MembershipConfig[seedMembers=[], syncInterval=5000, syncTimeout=20000, suspicionMult=5, namespace='default', removedMembersHistorySize=42]]
2026-05-06T19:51:44.454+08:00  INFO 4491 --- [jetlinks-platform] [sc-cluster-io-kqueue-1] i.s.cluster.transport.api.Transport      : [start][/[0:0:0:0:0:0:0:0]:18844] Bound cluster transport
2026-05-06T19:51:44.473+08:00  INFO 4491 --- [jetlinks-platform] [sc-cluster-io-kqueue-1] io.scalecube.cluster.ClusterImpl         : [default:jetlinks-platform:8844:efa1f2d6-fb2c-462d-8dd7-de1f7897656a@127.0.0.1:18844][doStart] Started
2026-05-06T19:51:44.809+08:00  WARN 4491 --- [jetlinks-platform] [main] onfigReactiveWebServerApplicationContext : Exception encountered during context initialization - cancelling refresh attempt: org.springframework.beans.factory.UnsatisfiedDependencyException: Error creating bean with name 'assetBindController' defined in class path resource [org/jetlinks/pro/assets/impl/web/AssetBindController.class]: Unsatisfied dependency expressed through constructor parameter 0: Error creating bean with name 'assetBindManager' defined in class path resource [org/jetlinks/pro/assets/AssetsConfiguration.class]: Failed to instantiate [org.jetlinks.pro.assets.CompositeAssetBindManager]: Factory method 'assetBindManager' threw exception with message: Error creating bean with name 'dimensionAssetBindManager' defined in class path resource [org/jetlinks/pro/assets/impl/DimensionAssetBindManager.class]: Unsatisfied dependency expressed through constructor parameter 0: Error creating bean with name 'DimensionAssetBindingEntityReactiveRepository': Unsatisfied dependency expressed through bean property 'operator': Error creating bean with name 'databaseOperator' defined in class path resource [org/hswebframework/web/crud/configuration/EasyormConfiguration.class]: Unsatisfied dependency expressed through method 'databaseOperator' parameter 0: Error creating bean with name 'databaseMetadata' defined in class path resource [org/hswebframework/web/crud/configuration/EasyormConfiguration.class]: Failed to instantiate [org.hswebframework.ezorm.rdb.metadata.RDBDatabaseMetadata]: Factory method 'databaseMetadata' threw exception with message: Could not open R2DBC Connection for transaction
2026-05-06T19:51:44.815+08:00  INFO 4491 --- [jetlinks-platform] [main] o.jetlinks.pro.cluster.ClusterEventBus   : shutdown eventbus
2026-05-06T19:51:44.817+08:00  INFO 4491 --- [jetlinks-platform] [main] io.scalecube.cluster.ClusterImpl         : [default:jetlinks-platform:8844:efa1f2d6-fb2c-462d-8dd7-de1f7897656a@127.0.0.1:18844][doShutdown] Shutting down
2026-05-06T19:51:44.818+08:00  INFO 4491 --- [jetlinks-platform] [main] io.scalecube.cluster.ClusterImpl         : [default:jetlinks-platform:8844:efa1f2d6-fb2c-462d-8dd7-de1f7897656a@127.0.0.1:18844][leaveCluster] Leaving cluster
2026-05-06T19:51:44.842+08:00  WARN 4491 --- [jetlinks-platform] [main] .w.c.e.DatabaseExceptionAnalyzerReporter : 
===============
请检查数据库连接配置是否正确.
===============

io.r2dbc.postgresql.PostgresqlConnectionFactory$PostgresConnectionException: [08003] Cannot connect to 127.0.0.1/<unresolved>:5432
	...1 frames excluded
Suppressed: The stacktrace has been enhanced by Reactor, refer to additional information below: 
Assembly trace from producer [reactor.core.publisher.MonoOnErrorResume] :
	reactor.core.publisher.Mono.onErrorMap
	io.r2dbc.postgresql.PostgresqlConnectionFactory.doCreateConnection(PostgresqlConnectionFactory.java:153)
Error has been observed at the following site(s):
	*____Mono.onErrorMap ⇢ at io.r2dbc.postgresql.PostgresqlConnectionFactory.doCreateConnection(PostgresqlConnectionFactory.java:153)
	|_         Mono.flux ⇢ at io.r2dbc.postgresql.PostgresqlConnectionFactory.doCreateConnection(PostgresqlConnectionFactory.java:154)
	|_                   ⇢ at io.r2dbc.postgresql.util.Operators.discardOnCancel(Operators.java:43)
	|_       Flux.single ⇢ at io.r2dbc.postgresql.PostgresqlConnectionFactory.doCreateConnection(PostgresqlConnectionFactory.java:156)
	|_  Mono.doOnDiscard ⇢ at io.r2dbc.postgresql.PostgresqlConnectionFactory.doCreateConnection(PostgresqlConnectionFactory.java:157)
	|_         Mono.cast ⇢ at io.r2dbc.postgresql.PostgresqlConnectionFactory.create(PostgresqlConnectionFactory.java:107)
	|_         Mono.from ⇢ at io.r2dbc.pool.ConnectionPool.createConnectionPool(ConnectionPool.java:254)
	|_         Mono.name ⇢ at io.r2dbc.pool.ConnectionPool.createConnectionPool(ConnectionPool.java:254)
	|_  Mono.subscribeOn ⇢ at io.r2dbc.pool.ConnectionPool.createConnectionPool(ConnectionPool.java:257)
	|_         Mono.from ⇢ at reactor.pool.PoolBuilder.from(PoolBuilder.java:63)
	|_                   ⇢ at reactor.pool.DefaultPoolConfig.allocator(DefaultPoolConfig.java:123)
	|_     Mono.doOnEach ⇢ at reactor.pool.SimpleDequePool.drainLoop(SimpleDequePool.java:429)
	|_ Mono.contextWrite ⇢ at reactor.pool.SimpleDequePool.drainLoop(SimpleDequePool.java:445)
	*___________________ ⇢ at reactor.pool.SimpleDequePool.acquire(SimpleDequePool.java:114)
	|_      Mono.flatMap ⇢ at io.r2dbc.pool.ConnectionPool.lambda$new$11(ConnectionPool.java:107)
	|_         Mono.name ⇢ at io.r2dbc.pool.ConnectionPool.lambda$new$11(ConnectionPool.java:142)
	*_________Mono.defer ⇢ at io.r2dbc.pool.ConnectionPool.<init>(ConnectionPool.java:104)
	|_        Mono.retry ⇢ at io.r2dbc.pool.ConnectionPool.<init>(ConnectionPool.java:167)
	|_                   ⇢ at io.r2dbc.pool.ConnectionPool.create(ConnectionPool.java:327)
	|_         Mono.from ⇢ at org.springframework.r2dbc.connection.R2dbcTransactionManager.lambda$doBegin$6(R2dbcTransactionManager.java:199)
	|_     Mono.doOnNext ⇢ at org.springframework.r2dbc.connection.R2dbcTransactionManager.lambda$doBegin$6(R2dbcTransactionManager.java:200)
	|_      Mono.flatMap ⇢ at org.springframework.r2dbc.connection.R2dbcTransactionManager.lambda$doBegin$6(R2dbcTransactionManager.java:212)
Original Stack Trace:
	...20 frames excluded
	at io.netty.util.concurrent.DefaultPromise.notifyListener0(DefaultPromise.java:604)
	at io.netty.util.concurrent.DefaultPromise.notifyListeners0(DefaultPromise.java:597)
	at io.netty.util.concurrent.DefaultPromise.notifyListenersNow(DefaultPromise.java:573)
	at io.netty.util.concurrent.DefaultPromise.notifyListeners(DefaultPromise.java:506)
	at io.netty.util.concurrent.DefaultPromise.setValue0(DefaultPromise.java:650)
	at io.netty.util.concurrent.DefaultPromise.setFailure0(DefaultPromise.java:643)
	at io.netty.util.concurrent.DefaultPromise.tryFailure(DefaultPromise.java:132)
	...10 frames excluded
Caused by: io.netty.channel.AbstractChannel$AnnotatedConnectException: finishConnect(..) failed with error(-61): Connection refused: /127.0.0.1:5432
Suppressed: The stacktrace has been enhanced by Reactor, refer to additional information below: 
Assembly trace from producer [reactor.core.publisher.MonoOnErrorResume] :
	reactor.core.publisher.Mono.onErrorResume
	reactor.netty.transport.TransportConnector.lambda$connect$6(TransportConnector.java:167)
Error has been observed at the following site(s):
	*__Mono.onErrorResume ⇢ at reactor.netty.transport.TransportConnector.lambda$connect$6(TransportConnector.java:167)
	*________Mono.flatMap ⇢ at reactor.netty.transport.TransportConnector.connect(TransportConnector.java:166)
	|_                    ⇢ at reactor.netty.transport.TransportConnector.connect(TransportConnector.java:124)
	*_________Mono.create ⇢ at reactor.netty.resources.NewConnectionProvider.acquire(NewConnectionProvider.java:66)
	|_                    ⇢ at reactor.netty.tcp.TcpClient.connect(TcpClient.java:193)
	|_       Mono.flatMap ⇢ at io.r2dbc.postgresql.client.ReactorNettyClient.connect(ReactorNettyClient.java:410)
	|_          Mono.cast ⇢ at io.r2dbc.postgresql.PostgresqlConnectionFactory.lambda$static$0(PostgresqlConnectionFactory.java:53)
	*_____Mono.delayUntil ⇢ at io.r2dbc.postgresql.SingleHostConnectionFunction.connect(SingleHostConnectionFunction.java:48)
	|_                    ⇢ at io.r2dbc.postgresql.SingleHostConnectionStrategy.connect(SingleHostConnectionStrategy.java:41)
	|_       Mono.flatMap ⇢ at io.r2dbc.postgresql.PostgresqlConnectionFactory.doCreateConnection(PostgresqlConnectionFactory.java:132)
Original Stack Trace:
Caused by: java.net.ConnectException: finishConnect(..) failed with error(-61): Connection refused
	...13 frames excluded
2026-05-06T19:51:45.672+08:00  INFO 4491 --- [jetlinks-platform] [sc-cluster-18844-2] io.scalecube.cluster.ClusterImpl         : [default:jetlinks-platform:8844:efa1f2d6-fb2c-462d-8dd7-de1f7897656a@127.0.0.1:18844][leaveCluster] Left cluster
2026-05-06T19:51:45.674+08:00  INFO 4491 --- [jetlinks-platform] [sc-cluster-18844-2] i.s.cluster.transport.api.Transport      : [127.0.0.1:18844][doStop] Stopping
2026-05-06T19:51:45.676+08:00  INFO 4491 --- [jetlinks-platform] [sc-cluster-18844-2] i.s.cluster.transport.api.Transport      : [127.0.0.1:18844][closeServer] Closing server channel
2026-05-06T19:51:45.677+08:00  INFO 4491 --- [jetlinks-platform] [sc-cluster-io-kqueue-1] i.s.cluster.transport.api.Transport      : [127.0.0.1:18844][closeServer] Closed server channel
2026-05-06T19:51:45.683+08:00  INFO 4491 --- [jetlinks-platform] [sc-cluster-io-kqueue-1] i.s.cluster.transport.api.Transport      : [127.0.0.1:18844][doStop] Stopped
2026-05-06T19:51:45.684+08:00  INFO 4491 --- [jetlinks-platform] [sc-cluster-io-kqueue-1] io.scalecube.cluster.ClusterImpl         : [default:jetlinks-platform:8844:efa1f2d6-fb2c-462d-8dd7-de1f7897656a@127.0.0.1:18844][doShutdown] Shutdown
2026-05-06T19:53:40.992+08:00  INFO 6282 --- [jetlinks-platform] [main] org.jetlinks.pro.Application             : Starting Application using Java 21.0.9 with PID 6282 (/Volumes/minisHd/工作/演示/jetlinks-project-template/bootstrap/target/classes started by cding in /Volumes/minisHd/工作/演示)
2026-05-06T19:53:40.994+08:00  INFO 6282 --- [jetlinks-platform] [main] org.jetlinks.pro.Application             : The following 3 profiles are active: "default", "dev", "local"
2026-05-06T19:53:43.431+08:00  INFO 6282 --- [jetlinks-platform] [main] o.h.web.id.SnowflakeIdGenerator          : worker starting. timestamp left shift 22, datacenter id bits 5, worker id bits 5, sequence bits 12, workerid 19
2026-05-06T19:53:44.052+08:00  INFO 6282 --- [jetlinks-platform] [main] io.scalecube.cluster.ClusterImpl         : [null][doStart] Starting, config: ClusterConfig[metadata=null, metadataTimeout=3000, metadataCodec=io.scalecube.cluster.metadata.JdkMetadataCodec@1aae50f9, memberAlias='jetlinks-platform:8844', externalHost='127.0.0.1', externalPort=18844, transportConfig=TransportConfig[port=18844, clientSecured=false, connectTimeout=3000, messageCodec=org.jetlinks.pro.configure.cluster.CustomMessageCodec@2b53d6fc, maxFrameLength=2097152, transportFactory=io.scalecube.transport.netty.tcp.TcpTransportFactory@3b30409, addressMapper=java.util.function.Function$$Lambda/0x000000700100ae60@79c9f619], failureDetectorConfig=FailureDetectorConfig[pingInterval=1000, pingTimeout=3000, pingReqMembers=3], gossipConfig=GossipConfig[gossipFanout=3, gossipInterval=200, gossipRepeatMult=3, gossipSegmentationThreshold=1000], membershipConfig=MembershipConfig[seedMembers=[], syncInterval=5000, syncTimeout=20000, suspicionMult=5, namespace='default', removedMembersHistorySize=42]]
2026-05-06T19:53:44.541+08:00  INFO 6282 --- [jetlinks-platform] [sc-cluster-io-kqueue-1] i.s.cluster.transport.api.Transport      : [start][/[0:0:0:0:0:0:0:0]:18844] Bound cluster transport
2026-05-06T19:53:44.556+08:00  INFO 6282 --- [jetlinks-platform] [sc-cluster-io-kqueue-1] io.scalecube.cluster.ClusterImpl         : [default:jetlinks-platform:8844:4880314a-4190-4dbb-96c5-b338b11ed65b@127.0.0.1:18844][doStart] Started
2026-05-06T19:53:46.930+08:00 ERROR 6282 --- [jetlinks-platform] [parallel-8] o.j.p.c.redis.ObjectRedisElementWriter   : Failed to serialize object org.jetlinks.core.cluster.ServerNode@7f8dff4a
java.lang.reflect.InaccessibleObjectException: Unable to make field private final byte[] java.lang.String.value accessible: module java.base does not "opens java.lang" to unnamed module @17c68925
	...5 frames excluded
	at org.nustaq.serialization.FSTClazzInfo.createFieldInfo(FSTClazzInfo.java:512)
	at org.nustaq.serialization.FSTClazzInfo.createFields(FSTClazzInfo.java:368)
	at org.nustaq.serialization.FSTClazzInfo.<init>(FSTClazzInfo.java:129)
	at org.nustaq.serialization.FSTClazzInfoRegistry.getCLInfo(FSTClazzInfoRegistry.java:129)
	at org.nustaq.serialization.FSTClazzNameRegistry.addClassMapping(FSTClazzNameRegistry.java:98)
	at org.nustaq.serialization.FSTClazzNameRegistry.registerClassNoLookup(FSTClazzNameRegistry.java:85)
	at org.nustaq.serialization.FSTClazzNameRegistry.registerClass(FSTClazzNameRegistry.java:81)
	at org.nustaq.serialization.FSTConfiguration.addDefaultClazzes(FSTConfiguration.java:807)
	at org.nustaq.serialization.FSTConfiguration.initDefaultFstConfigurationInternal(FSTConfiguration.java:477)
	at org.nustaq.serialization.FSTConfiguration.createDefaultConfiguration(FSTConfiguration.java:472)
	at org.nustaq.serialization.FSTConfiguration.createDefaultConfiguration(FSTConfiguration.java:464)
	at org.jetlinks.pro.codec.Serializers$2.lambda$$0(Serializers.java:38)
	at org.hswebframework.web.recycler.RecyclerImpl.initialValue(RecyclerImpl.java:42)
	at org.hswebframework.web.recycler.RecyclerImpl.initialValue(RecyclerImpl.java:16)
	at io.netty.util.concurrent.FastThreadLocal.initialize(FastThreadLocal.java:178)
	at io.netty.util.concurrent.FastThreadLocal.get(FastThreadLocal.java:143)
	at org.hswebframework.web.recycler.RecyclerImpl.take(RecyclerImpl.java:91)
	at org.jetlinks.pro.codec.Serializers$2.createOutput(Serializers.java:60)
	at org.jetlinks.pro.configure.redis.ObjectRedisElementWriter.write0(ObjectRedisElementWriter.java:20)
	at org.hswebframework.web.recycler.Recycler.lambda$doWith$1(Recycler.java:72)
	at org.hswebframework.web.recycler.RecyclerImpl.doWith(RecyclerImpl.java:66)
	at org.hswebframework.web.recycler.Recycler.doWith(Recycler.java:70)
	at org.jetlinks.pro.configure.redis.ObjectRedisElementWriter.write(ObjectRedisElementWriter.java:39)
	at org.springframework.data.redis.serializer.RedisSerializationContext$SerializationPair.write(RedisSerializationContext.java:292)
	at org.springframework.data.redis.core.DefaultReactiveHashOperations.rawHashValue(DefaultReactiveHashOperations.java:269)
	at org.springframework.data.redis.core.DefaultReactiveHashOperations.lambda$put$20(DefaultReactiveHashOperations.java:197)
	at org.springframework.data.redis.core.DefaultReactiveHashOperations.lambda$createMono$27(DefaultReactiveHashOperations.java:250)
	at org.springframework.data.redis.core.ReactiveRedisTemplate.lambda$doInConnection$1(ReactiveRedisTemplate.java:250)
	...15 frames excluded
2026-05-06T19:53:46.942+08:00  WARN 6282 --- [jetlinks-platform] [main] onfigReactiveWebServerApplicationContext : Exception encountered during context initialization - cancelling refresh attempt: org.springframework.beans.factory.UnsatisfiedDependencyException: Error creating bean with name 'deviceMessageSendSubscriptionProvider' defined in class path resource [org/jetlinks/pro/device/message/DeviceMessageSendSubscriptionProvider.class]: Unsatisfied dependency expressed through constructor parameter 0: Error creating bean with name 'deviceRegistry' defined in class path resource [org/jetlinks/pro/configure/device/DeviceClusterConfiguration.class]: Unsatisfied dependency expressed through method 'deviceRegistry' parameter 1: Error creating bean with name 'clusterManager' defined in class path resource [org/jetlinks/pro/configure/cluster/ClusterConfiguration$RedisClusterManagerConfiguration.class]: error.serialize_error
2026-05-06T19:53:46.943+08:00  WARN 6282 --- [jetlinks-platform] [main] d.r.c.l.LettucePoolingConnectionProvider : LettucePoolingConnectionProvider has active connection retrievals
2026-05-06T19:53:47.052+08:00  INFO 6282 --- [jetlinks-platform] [main] o.jetlinks.pro.cluster.ClusterEventBus   : shutdown eventbus
2026-05-06T19:53:47.053+08:00  INFO 6282 --- [jetlinks-platform] [main] io.scalecube.cluster.ClusterImpl         : [default:jetlinks-platform:8844:4880314a-4190-4dbb-96c5-b338b11ed65b@127.0.0.1:18844][doShutdown] Shutting down
2026-05-06T19:53:47.054+08:00  INFO 6282 --- [jetlinks-platform] [main] io.scalecube.cluster.ClusterImpl         : [default:jetlinks-platform:8844:4880314a-4190-4dbb-96c5-b338b11ed65b@127.0.0.1:18844][leaveCluster] Leaving cluster
2026-05-06T19:53:47.082+08:00 ERROR 6282 --- [jetlinks-platform] [main] o.s.boot.SpringApplication               : Application run failed
org.springframework.beans.factory.UnsatisfiedDependencyException: Error creating bean with name 'deviceMessageSendSubscriptionProvider' defined in class path resource [org/jetlinks/pro/device/message/DeviceMessageSendSubscriptionProvider.class]: Unsatisfied dependency expressed through constructor parameter 0: Error creating bean with name 'deviceRegistry' defined in class path resource [org/jetlinks/pro/configure/device/DeviceClusterConfiguration.class]: Unsatisfied dependency expressed through method 'deviceRegistry' parameter 1: Error creating bean with name 'clusterManager' defined in class path resource [org/jetlinks/pro/configure/cluster/ClusterConfiguration$RedisClusterManagerConfiguration.class]: error.serialize_error
	...21 frames excluded
	at org.jetlinks.pro.Application.main(Application.java:29)
Caused by: org.springframework.beans.factory.UnsatisfiedDependencyException: Error creating bean with name 'deviceRegistry' defined in class path resource [org/jetlinks/pro/configure/device/DeviceClusterConfiguration.class]: Unsatisfied dependency expressed through method 'deviceRegistry' parameter 1: Error creating bean with name 'clusterManager' defined in class path resource [org/jetlinks/pro/configure/cluster/ClusterConfiguration$RedisClusterManagerConfiguration.class]: error.serialize_error
	...35 frames excluded
	at org.jetlinks.pro.Application.main(Application.java:29)
Caused by: org.springframework.beans.factory.BeanCreationException: Error creating bean with name 'clusterManager' defined in class path resource [org/jetlinks/pro/configure/cluster/ClusterConfiguration$RedisClusterManagerConfiguration.class]: error.serialize_error
	...46 frames excluded
	at org.jetlinks.pro.Application.main(Application.java:29)
Caused by: org.springframework.data.redis.serializer.SerializationException: error.serialize_error
	at org.jetlinks.pro.configure.redis.ObjectRedisElementWriter.write0(ObjectRedisElementWriter.java:31)
Suppressed: The stacktrace has been enhanced by Reactor, refer to additional information below: 
Assembly trace from producer [reactor.core.publisher.FluxUsingWhen] :
	reactor.core.publisher.Flux.usingWhen
	org.springframework.data.redis.core.ReactiveRedisTemplate.doInConnection(ReactiveRedisTemplate.java:248)
Error has been observed at the following site(s):
	*____Flux.usingWhen ⇢ at org.springframework.data.redis.core.ReactiveRedisTemplate.doInConnection(ReactiveRedisTemplate.java:248)
	|_        Mono.from ⇢ at org.springframework.data.redis.core.ReactiveRedisTemplate.doCreateMono(ReactiveRedisTemplate.java:226)
	|_                  ⇢ at org.springframework.data.redis.core.DefaultReactiveHashOperations.createMono(DefaultReactiveHashOperations.java:250)
	|_                  ⇢ at org.springframework.data.redis.core.DefaultReactiveHashOperations.put(DefaultReactiveHashOperations.java:197)
	|_ Mono.flatMapMany ⇢ at org.jetlinks.supports.cluster.redis.RedisHaManager.startup(RedisHaManager.java:120)
	|_ Flux.collectList ⇢ at org.jetlinks.supports.cluster.redis.RedisHaManager.startup(RedisHaManager.java:121)
	|_    Mono.doOnNext ⇢ at org.jetlinks.supports.cluster.redis.RedisHaManager.startup(RedisHaManager.java:122)
Original Stack Trace:
	at org.jetlinks.pro.configure.redis.ObjectRedisElementWriter.write0(ObjectRedisElementWriter.java:31)
	at org.hswebframework.web.recycler.Recycler.lambda$doWith$1(Recycler.java:72)
	at org.hswebframework.web.recycler.RecyclerImpl.doWith(RecyclerImpl.java:66)
	at org.hswebframework.web.recycler.Recycler.doWith(Recycler.java:70)
	at org.jetlinks.pro.configure.redis.ObjectRedisElementWriter.write(ObjectRedisElementWriter.java:39)
	at org.springframework.data.redis.serializer.RedisSerializationContext$SerializationPair.write(RedisSerializationContext.java:292)
	at org.springframework.data.redis.core.DefaultReactiveHashOperations.rawHashValue(DefaultReactiveHashOperations.java:269)
	at org.springframework.data.redis.core.DefaultReactiveHashOperations.lambda$put$20(DefaultReactiveHashOperations.java:197)
	at org.springframework.data.redis.core.DefaultReactiveHashOperations.lambda$createMono$27(DefaultReactiveHashOperations.java:250)
	at org.springframework.data.redis.core.ReactiveRedisTemplate.lambda$doInConnection$1(ReactiveRedisTemplate.java:250)
	...14 frames excluded
Suppressed: java.lang.Exception: #block terminated with an error
	...2 frames excluded
	at org.jetlinks.supports.cluster.redis.RedisHaManager.startup(RedisHaManager.java:132)
	at org.jetlinks.supports.cluster.redis.RedisClusterManager.startup(RedisClusterManager.java:78)
	at java.base/jdk.internal.reflect.DirectMethodHandleAccessor.invoke(DirectMethodHandleAccessor.java:103)
	...49 frames excluded
	at org.jetlinks.pro.Application.main(Application.java:29)
Caused by: java.lang.reflect.InaccessibleObjectException: Unable to make field private final byte[] java.lang.String.value accessible: module java.base does not "opens java.lang" to unnamed module @17c68925
	...5 frames excluded
	at org.nustaq.serialization.FSTClazzInfo.createFieldInfo(FSTClazzInfo.java:512)
	at org.nustaq.serialization.FSTClazzInfo.createFields(FSTClazzInfo.java:368)
	at org.nustaq.serialization.FSTClazzInfo.<init>(FSTClazzInfo.java:129)
	at org.nustaq.serialization.FSTClazzInfoRegistry.getCLInfo(FSTClazzInfoRegistry.java:129)
	at org.nustaq.serialization.FSTClazzNameRegistry.addClassMapping(FSTClazzNameRegistry.java:98)
	at org.nustaq.serialization.FSTClazzNameRegistry.registerClassNoLookup(FSTClazzNameRegistry.java:85)
	at org.nustaq.serialization.FSTClazzNameRegistry.registerClass(FSTClazzNameRegistry.java:81)
	at org.nustaq.serialization.FSTConfiguration.addDefaultClazzes(FSTConfiguration.java:807)
	at org.nustaq.serialization.FSTConfiguration.initDefaultFstConfigurationInternal(FSTConfiguration.java:477)
	at org.nustaq.serialization.FSTConfiguration.createDefaultConfiguration(FSTConfiguration.java:472)
	at org.nustaq.serialization.FSTConfiguration.createDefaultConfiguration(FSTConfiguration.java:464)
	at org.jetlinks.pro.codec.Serializers$2.lambda$$0(Serializers.java:38)
	at org.hswebframework.web.recycler.RecyclerImpl.initialValue(RecyclerImpl.java:42)
	at org.hswebframework.web.recycler.RecyclerImpl.initialValue(RecyclerImpl.java:16)
	at io.netty.util.concurrent.FastThreadLocal.initialize(FastThreadLocal.java:178)
	at io.netty.util.concurrent.FastThreadLocal.get(FastThreadLocal.java:143)
	at org.hswebframework.web.recycler.RecyclerImpl.take(RecyclerImpl.java:91)
	at org.jetlinks.pro.codec.Serializers$2.createOutput(Serializers.java:60)
	at org.jetlinks.pro.configure.redis.ObjectRedisElementWriter.write0(ObjectRedisElementWriter.java:20)
	at org.hswebframework.web.recycler.Recycler.lambda$doWith$1(Recycler.java:72)
	at org.hswebframework.web.recycler.RecyclerImpl.doWith(RecyclerImpl.java:66)
	at org.hswebframework.web.recycler.Recycler.doWith(Recycler.java:70)
	at org.jetlinks.pro.configure.redis.ObjectRedisElementWriter.write(ObjectRedisElementWriter.java:39)
	at org.springframework.data.redis.serializer.RedisSerializationContext$SerializationPair.write(RedisSerializationContext.java:292)
	at org.springframework.data.redis.core.DefaultReactiveHashOperations.rawHashValue(DefaultReactiveHashOperations.java:269)
	at org.springframework.data.redis.core.DefaultReactiveHashOperations.lambda$put$20(DefaultReactiveHashOperations.java:197)
	at org.springframework.data.redis.core.DefaultReactiveHashOperations.lambda$createMono$27(DefaultReactiveHashOperations.java:250)
	at org.springframework.data.redis.core.ReactiveRedisTemplate.lambda$doInConnection$1(ReactiveRedisTemplate.java:250)
	...15 frames excluded
2026-05-06T19:53:47.956+08:00  INFO 6282 --- [jetlinks-platform] [sc-cluster-18844-2] io.scalecube.cluster.ClusterImpl         : [default:jetlinks-platform:8844:4880314a-4190-4dbb-96c5-b338b11ed65b@127.0.0.1:18844][leaveCluster] Left cluster
2026-05-06T19:53:47.957+08:00  INFO 6282 --- [jetlinks-platform] [sc-cluster-18844-2] i.s.cluster.transport.api.Transport      : [127.0.0.1:18844][doStop] Stopping
2026-05-06T19:53:47.957+08:00  INFO 6282 --- [jetlinks-platform] [sc-cluster-18844-2] i.s.cluster.transport.api.Transport      : [127.0.0.1:18844][closeServer] Closing server channel
2026-05-06T19:53:47.957+08:00  INFO 6282 --- [jetlinks-platform] [sc-cluster-io-kqueue-1] i.s.cluster.transport.api.Transport      : [127.0.0.1:18844][closeServer] Closed server channel
2026-05-06T19:53:47.959+08:00  INFO 6282 --- [jetlinks-platform] [sc-cluster-io-kqueue-1] i.s.cluster.transport.api.Transport      : [127.0.0.1:18844][doStop] Stopped
2026-05-06T19:53:47.959+08:00  INFO 6282 --- [jetlinks-platform] [sc-cluster-io-kqueue-1] io.scalecube.cluster.ClusterImpl         : [default:jetlinks-platform:8844:4880314a-4190-4dbb-96c5-b338b11ed65b@127.0.0.1:18844][doShutdown] Shutdown
2026-05-06T19:54:26.640+08:00  INFO 6811 --- [jetlinks-platform] [main] org.jetlinks.pro.Application             : Starting Application using Java 21.0.9 with PID 6811 (/Volumes/minisHd/工作/演示/jetlinks-project-template/bootstrap/target/classes started by cding in /Volumes/minisHd/工作/演示)
2026-05-06T19:54:26.642+08:00  INFO 6811 --- [jetlinks-platform] [main] org.jetlinks.pro.Application             : The following 3 profiles are active: "default", "dev", "local"
2026-05-06T19:54:29.224+08:00  INFO 6811 --- [jetlinks-platform] [main] o.h.web.id.SnowflakeIdGenerator          : worker starting. timestamp left shift 22, datacenter id bits 5, worker id bits 5, sequence bits 12, workerid 8
2026-05-06T19:54:29.925+08:00  INFO 6811 --- [jetlinks-platform] [main] io.scalecube.cluster.ClusterImpl         : [null][doStart] Starting, config: ClusterConfig[metadata=null, metadataTimeout=3000, metadataCodec=io.scalecube.cluster.metadata.JdkMetadataCodec@53fa630, memberAlias='jetlinks-platform:8844', externalHost='127.0.0.1', externalPort=18844, transportConfig=TransportConfig[port=18844, clientSecured=false, connectTimeout=3000, messageCodec=org.jetlinks.pro.configure.cluster.CustomMessageCodec@49afaf65, maxFrameLength=2097152, transportFactory=io.scalecube.transport.netty.tcp.TcpTransportFactory@6d5376b7, addressMapper=java.util.function.Function$$Lambda/0x000000080100ac68@2fc2d1f0], failureDetectorConfig=FailureDetectorConfig[pingInterval=1000, pingTimeout=3000, pingReqMembers=3], gossipConfig=GossipConfig[gossipFanout=3, gossipInterval=200, gossipRepeatMult=3, gossipSegmentationThreshold=1000], membershipConfig=MembershipConfig[seedMembers=[], syncInterval=5000, syncTimeout=20000, suspicionMult=5, namespace='default', removedMembersHistorySize=42]]
2026-05-06T19:54:30.168+08:00  INFO 6811 --- [jetlinks-platform] [sc-cluster-io-kqueue-1] i.s.cluster.transport.api.Transport      : [start][/[0:0:0:0:0:0:0:0]:18844] Bound cluster transport
2026-05-06T19:54:30.181+08:00  INFO 6811 --- [jetlinks-platform] [sc-cluster-io-kqueue-1] io.scalecube.cluster.ClusterImpl         : [default:jetlinks-platform:8844:6d00370f-ced9-4c75-bfb7-0c48fb3b06de@127.0.0.1:18844][doStart] Started
2026-05-06T19:54:33.451+08:00  WARN 6811 --- [jetlinks-platform] [main] onfigReactiveWebServerApplicationContext : Exception encountered during context initialization - cancelling refresh attempt: org.springframework.beans.factory.UnsatisfiedDependencyException: Error creating bean with name 'aliyunSmsController' defined in class path resource [org/jetlinks/pro/notify/sms/aliyun/web/AliyunSmsController.class]: Unsatisfied dependency expressed through constructor parameter 0: Error creating bean with name 'notifierManager' defined in class path resource [org/jetlinks/pro/notify/configuration/NotifierAutoConfiguration.class]: Unsatisfied dependency expressed through method 'notifierManager' parameter 1: Error creating bean with name 'notifyConfigManager' defined in class path resource [org/jetlinks/pro/notify/configuration/NotifierAutoConfiguration.class]: Unsatisfied dependency expressed through method 'notifyConfigManager' parameter 0: Error creating bean with name 'defaultNotifyConfigManager' defined in class path resource [org/jetlinks/pro/notify/manager/service/DefaultNotifyConfigManager.class]: Unsatisfied dependency expressed through constructor parameter 0: Error creating bean with name 'notifyConfigService' defined in class path resource [org/jetlinks/pro/notify/manager/service/NotifyConfigService.class]: Unsatisfied dependency expressed through constructor parameter 0: Error creating bean with name 'dataReferenceManager' defined in class path resource [org/jetlinks/pro/configuration/CommonConfiguration.class]: Failed to instantiate [org.jetlinks.pro.reference.DataReferenceManager]: Factory method 'dataReferenceManager' threw exception with message: Error creating bean with name 'defaultDataReferenceManager' defined in class path resource [org/jetlinks/pro/configuration/CommonConfiguration.class]: Failed to instantiate [org.jetlinks.pro.reference.DefaultDataReferenceManager]: Factory method 'defaultDataReferenceManager' threw exception with message: Error creating bean with name 'firmwareDataReferenceProvider' defined in class path resource [org/jetlinks/pro/device/service/FirmwareDataReferenceProvider.class]: Unsatisfied dependency expressed through constructor parameter 0: Error creating bean with name 'firmwareUpgradeTaskService' defined in class path resource [org/jetlinks/pro/device/service/FirmwareUpgradeTaskService.class]: Unsatisfied dependency expressed through constructor parameter 0: Error creating bean with name 'localDeviceInstanceService' defined in class path resource [org/jetlinks/pro/device/service/LocalDeviceInstanceService.class]: Unsatisfied dependency expressed through constructor parameter 1: Error creating bean with name 'localDeviceProductService' defined in class path resource [org/jetlinks/pro/device/service/LocalDeviceProductService.class]: Unsatisfied dependency expressed through constructor parameter 3: Error creating bean with name 'elasticSearchTimeSeriesManager' defined in class path resource [org/jetlinks/pro/elastic/search/configuration/ElasticSearchConfiguration.class]: Unsatisfied dependency expressed through method 'elasticSearchTimeSeriesManager' parameter 0: Error creating bean with name 'elasticSearchIndexManager' defined in class path resource [org/jetlinks/pro/elastic/search/configuration/ElasticSearchConfiguration.class]: Failed to instantiate [org.jetlinks.pro.elastic.search.index.DefaultElasticSearchIndexManager]: Factory method 'elasticSearchIndexManager' threw exception with message: java.net.ConnectException: Connection refused
2026-05-06T19:54:33.458+08:00  INFO 6811 --- [jetlinks-platform] [main] .j.p.c.d.PersistenceDeviceSessionManager : Persistent and close session
2026-05-06T19:54:33.459+08:00  INFO 6811 --- [jetlinks-platform] [main] .j.p.c.d.PersistenceDeviceSessionManager : Compact and close local session store ./data/sessions/jetlinks-platform_8844
2026-05-06T19:54:33.564+08:00  WARN 6811 --- [jetlinks-platform] [main] d.r.c.l.LettucePoolingConnectionProvider : LettucePoolingConnectionProvider contains unreleased connections
2026-05-06T19:54:33.572+08:00  INFO 6811 --- [jetlinks-platform] [main] o.jetlinks.pro.cluster.ClusterEventBus   : shutdown eventbus
2026-05-06T19:54:33.572+08:00  INFO 6811 --- [jetlinks-platform] [main] io.scalecube.cluster.ClusterImpl         : [default:jetlinks-platform:8844:6d00370f-ced9-4c75-bfb7-0c48fb3b06de@127.0.0.1:18844][doShutdown] Shutting down
2026-05-06T19:54:33.573+08:00  INFO 6811 --- [jetlinks-platform] [main] io.scalecube.cluster.ClusterImpl         : [default:jetlinks-platform:8844:6d00370f-ced9-4c75-bfb7-0c48fb3b06de@127.0.0.1:18844][leaveCluster] Leaving cluster
2026-05-06T19:54:33.612+08:00 ERROR 6811 --- [jetlinks-platform] [main] o.s.boot.SpringApplication               : Application run failed
org.springframework.beans.factory.UnsatisfiedDependencyException: Error creating bean with name 'aliyunSmsController' defined in class path resource [org/jetlinks/pro/notify/sms/aliyun/web/AliyunSmsController.class]: Unsatisfied dependency expressed through constructor parameter 0: Error creating bean with name 'notifierManager' defined in class path resource [org/jetlinks/pro/notify/configuration/NotifierAutoConfiguration.class]: Unsatisfied dependency expressed through method 'notifierManager' parameter 1: Error creating bean with name 'notifyConfigManager' defined in class path resource [org/jetlinks/pro/notify/configuration/NotifierAutoConfiguration.class]: Unsatisfied dependency expressed through method 'notifyConfigManager' parameter 0: Error creating bean with name 'defaultNotifyConfigManager' defined in class path resource [org/jetlinks/pro/notify/manager/service/DefaultNotifyConfigManager.class]: Unsatisfied dependency expressed through constructor parameter 0: Error creating bean with name 'notifyConfigService' defined in class path resource [org/jetlinks/pro/notify/manager/service/NotifyConfigService.class]: Unsatisfied dependency expressed through constructor parameter 0: Error creating bean with name 'dataReferenceManager' defined in class path resource [org/jetlinks/pro/configuration/CommonConfiguration.class]: Failed to instantiate [org.jetlinks.pro.reference.DataReferenceManager]: Factory method 'dataReferenceManager' threw exception with message: Error creating bean with name 'defaultDataReferenceManager' defined in class path resource [org/jetlinks/pro/configuration/CommonConfiguration.class]: Failed to instantiate [org.jetlinks.pro.reference.DefaultDataReferenceManager]: Factory method 'defaultDataReferenceManager' threw exception with message: Error creating bean with name 'firmwareDataReferenceProvider' defined in class path resource [org/jetlinks/pro/device/service/FirmwareDataReferenceProvider.class]: Unsatisfied dependency expressed through constructor parameter 0: Error creating bean with name 'firmwareUpgradeTaskService' defined in class path resource [org/jetlinks/pro/device/service/FirmwareUpgradeTaskService.class]: Unsatisfied dependency expressed through constructor parameter 0: Error creating bean with name 'localDeviceInstanceService' defined in class path resource [org/jetlinks/pro/device/service/LocalDeviceInstanceService.class]: Unsatisfied dependency expressed through constructor parameter 1: Error creating bean with name 'localDeviceProductService' defined in class path resource [org/jetlinks/pro/device/service/LocalDeviceProductService.class]: Unsatisfied dependency expressed through constructor parameter 3: Error creating bean with name 'elasticSearchTimeSeriesManager' defined in class path resource [org/jetlinks/pro/elastic/search/configuration/ElasticSearchConfiguration.class]: Unsatisfied dependency expressed through method 'elasticSearchTimeSeriesManager' parameter 0: Error creating bean with name 'elasticSearchIndexManager' defined in class path resource [org/jetlinks/pro/elastic/search/configuration/ElasticSearchConfiguration.class]: Failed to instantiate [org.jetlinks.pro.elastic.search.index.DefaultElasticSearchIndexManager]: Factory method 'elasticSearchIndexManager' threw exception with message: java.net.ConnectException: Connection refused
	...21 frames excluded
	at org.jetlinks.pro.Application.main(Application.java:29)
Caused by: org.springframework.beans.factory.UnsatisfiedDependencyException: Error creating bean with name 'notifierManager' defined in class path resource [org/jetlinks/pro/notify/configuration/NotifierAutoConfiguration.class]: Unsatisfied dependency expressed through method 'notifierManager' parameter 1: Error creating bean with name 'notifyConfigManager' defined in class path resource [org/jetlinks/pro/notify/configuration/NotifierAutoConfiguration.class]: Unsatisfied dependency expressed through method 'notifyConfigManager' parameter 0: Error creating bean with name 'defaultNotifyConfigManager' defined in class path resource [org/jetlinks/pro/notify/manager/service/DefaultNotifyConfigManager.class]: Unsatisfied dependency expressed through constructor parameter 0: Error creating bean with name 'notifyConfigService' defined in class path resource [org/jetlinks/pro/notify/manager/service/NotifyConfigService.class]: Unsatisfied dependency expressed through constructor parameter 0: Error creating bean with name 'dataReferenceManager' defined in class path resource [org/jetlinks/pro/configuration/CommonConfiguration.class]: Failed to instantiate [org.jetlinks.pro.reference.DataReferenceManager]: Factory method 'dataReferenceManager' threw exception with message: Error creating bean with name 'defaultDataReferenceManager' defined in class path resource [org/jetlinks/pro/configuration/CommonConfiguration.class]: Failed to instantiate [org.jetlinks.pro.reference.DefaultDataReferenceManager]: Factory method 'defaultDataReferenceManager' threw exception with message: Error creating bean with name 'firmwareDataReferenceProvider' defined in class path resource [org/jetlinks/pro/device/service/FirmwareDataReferenceProvider.class]: Unsatisfied dependency expressed through constructor parameter 0: Error creating bean with name 'firmwareUpgradeTaskService' defined in class path resource [org/jetlinks/pro/device/service/FirmwareUpgradeTaskService.class]: Unsatisfied dependency expressed through constructor parameter 0: Error creating bean with name 'localDeviceInstanceService' defined in class path resource [org/jetlinks/pro/device/service/LocalDeviceInstanceService.class]: Unsatisfied dependency expressed through constructor parameter 1: Error creating bean with name 'localDeviceProductService' defined in class path resource [org/jetlinks/pro/device/service/LocalDeviceProductService.class]: Unsatisfied dependency expressed through constructor parameter 3: Error creating bean with name 'elasticSearchTimeSeriesManager' defined in class path resource [org/jetlinks/pro/elastic/search/configuration/ElasticSearchConfiguration.class]: Unsatisfied dependency expressed through method 'elasticSearchTimeSeriesManager' parameter 0: Error creating bean with name 'elasticSearchIndexManager' defined in class path resource [org/jetlinks/pro/elastic/search/configuration/ElasticSearchConfiguration.class]: Failed to instantiate [org.jetlinks.pro.elastic.search.index.DefaultElasticSearchIndexManager]: Factory method 'elasticSearchIndexManager' threw exception with message: java.net.ConnectException: Connection refused
	...34 frames excluded
	at org.jetlinks.pro.Application.main(Application.java:29)
Caused by: org.springframework.beans.factory.UnsatisfiedDependencyException: Error creating bean with name 'notifyConfigManager' defined in class path resource [org/jetlinks/pro/notify/configuration/NotifierAutoConfiguration.class]: Unsatisfied dependency expressed through method 'notifyConfigManager' parameter 0: Error creating bean with name 'defaultNotifyConfigManager' defined in class path resource [org/jetlinks/pro/notify/manager/service/DefaultNotifyConfigManager.class]: Unsatisfied dependency expressed through constructor parameter 0: Error creating bean with name 'notifyConfigService' defined in class path resource [org/jetlinks/pro/notify/manager/service/NotifyConfigService.class]: Unsatisfied dependency expressed through constructor parameter 0: Error creating bean with name 'dataReferenceManager' defined in class path resource [org/jetlinks/pro/configuration/CommonConfiguration.class]: Failed to instantiate [org.jetlinks.pro.reference.DataReferenceManager]: Factory method 'dataReferenceManager' threw exception with message: Error creating bean with name 'defaultDataReferenceManager' defined in class path resource [org/jetlinks/pro/configuration/CommonConfiguration.class]: Failed to instantiate [org.jetlinks.pro.reference.DefaultDataReferenceManager]: Factory method 'defaultDataReferenceManager' threw exception with message: Error creating bean with name 'firmwareDataReferenceProvider' defined in class path resource [org/jetlinks/pro/device/service/FirmwareDataReferenceProvider.class]: Unsatisfied dependency expressed through constructor parameter 0: Error creating bean with name 'firmwareUpgradeTaskService' defined in class path resource [org/jetlinks/pro/device/service/FirmwareUpgradeTaskService.class]: Unsatisfied dependency expressed through constructor parameter 0: Error creating bean with name 'localDeviceInstanceService' defined in class path resource [org/jetlinks/pro/device/service/LocalDeviceInstanceService.class]: Unsatisfied dependency expressed through constructor parameter 1: Error creating bean with name 'localDeviceProductService' defined in class path resource [org/jetlinks/pro/device/service/LocalDeviceProductService.class]: Unsatisfied dependency expressed through constructor parameter 3: Error creating bean with name 'elasticSearchTimeSeriesManager' defined in class path resource [org/jetlinks/pro/elastic/search/configuration/ElasticSearchConfiguration.class]: Unsatisfied dependency expressed through method 'elasticSearchTimeSeriesManager' parameter 0: Error creating bean with name 'elasticSearchIndexManager' defined in class path resource [org/jetlinks/pro/elastic/search/configuration/ElasticSearchConfiguration.class]: Failed to instantiate [org.jetlinks.pro.elastic.search.index.DefaultElasticSearchIndexManager]: Factory method 'elasticSearchIndexManager' threw exception with message: java.net.ConnectException: Connection refused
	...48 frames excluded
	at org.jetlinks.pro.Application.main(Application.java:29)
Caused by: org.springframework.beans.factory.UnsatisfiedDependencyException: Error creating bean with name 'defaultNotifyConfigManager' defined in class path resource [org/jetlinks/pro/notify/manager/service/DefaultNotifyConfigManager.class]: Unsatisfied dependency expressed through constructor parameter 0: Error creating bean with name 'notifyConfigService' defined in class path resource [org/jetlinks/pro/notify/manager/service/NotifyConfigService.class]: Unsatisfied dependency expressed through constructor parameter 0: Error creating bean with name 'dataReferenceManager' defined in class path resource [org/jetlinks/pro/configuration/CommonConfiguration.class]: Failed to instantiate [org.jetlinks.pro.reference.DataReferenceManager]: Factory method 'dataReferenceManager' threw exception with message: Error creating bean with name 'defaultDataReferenceManager' defined in class path resource [org/jetlinks/pro/configuration/CommonConfiguration.class]: Failed to instantiate [org.jetlinks.pro.reference.DefaultDataReferenceManager]: Factory method 'defaultDataReferenceManager' threw exception with message: Error creating bean with name 'firmwareDataReferenceProvider' defined in class path resource [org/jetlinks/pro/device/service/FirmwareDataReferenceProvider.class]: Unsatisfied dependency expressed through constructor parameter 0: Error creating bean with name 'firmwareUpgradeTaskService' defined in class path resource [org/jetlinks/pro/device/service/FirmwareUpgradeTaskService.class]: Unsatisfied dependency expressed through constructor parameter 0: Error creating bean with name 'localDeviceInstanceService' defined in class path resource [org/jetlinks/pro/device/service/LocalDeviceInstanceService.class]: Unsatisfied dependency expressed through constructor parameter 1: Error creating bean with name 'localDeviceProductService' defined in class path resource [org/jetlinks/pro/device/service/LocalDeviceProductService.class]: Unsatisfied dependency expressed through constructor parameter 3: Error creating bean with name 'elasticSearchTimeSeriesManager' defined in class path resource [org/jetlinks/pro/elastic/search/configuration/ElasticSearchConfiguration.class]: Unsatisfied dependency expressed through method 'elasticSearchTimeSeriesManager' parameter 0: Error creating bean with name 'elasticSearchIndexManager' defined in class path resource [org/jetlinks/pro/elastic/search/configuration/ElasticSearchConfiguration.class]: Failed to instantiate [org.jetlinks.pro.elastic.search.index.DefaultElasticSearchIndexManager]: Factory method 'elasticSearchIndexManager' threw exception with message: java.net.ConnectException: Connection refused
	...66 frames excluded
	at org.jetlinks.pro.Application.main(Application.java:29)
Caused by: org.springframework.beans.factory.UnsatisfiedDependencyException: Error creating bean with name 'notifyConfigService' defined in class path resource [org/jetlinks/pro/notify/manager/service/NotifyConfigService.class]: Unsatisfied dependency expressed through constructor parameter 0: Error creating bean with name 'dataReferenceManager' defined in class path resource [org/jetlinks/pro/configuration/CommonConfiguration.class]: Failed to instantiate [org.jetlinks.pro.reference.DataReferenceManager]: Factory method 'dataReferenceManager' threw exception with message: Error creating bean with name 'defaultDataReferenceManager' defined in class path resource [org/jetlinks/pro/configuration/CommonConfiguration.class]: Failed to instantiate [org.jetlinks.pro.reference.DefaultDataReferenceManager]: Factory method 'defaultDataReferenceManager' threw exception with message: Error creating bean with name 'firmwareDataReferenceProvider' defined in class path resource [org/jetlinks/pro/device/service/FirmwareDataReferenceProvider.class]: Unsatisfied dependency expressed through constructor parameter 0: Error creating bean with name 'firmwareUpgradeTaskService' defined in class path resource [org/jetlinks/pro/device/service/FirmwareUpgradeTaskService.class]: Unsatisfied dependency expressed through constructor parameter 0: Error creating bean with name 'localDeviceInstanceService' defined in class path resource [org/jetlinks/pro/device/service/LocalDeviceInstanceService.class]: Unsatisfied dependency expressed through constructor parameter 1: Error creating bean with name 'localDeviceProductService' defined in class path resource [org/jetlinks/pro/device/service/LocalDeviceProductService.class]: Unsatisfied dependency expressed through constructor parameter 3: Error creating bean with name 'elasticSearchTimeSeriesManager' defined in class path resource [org/jetlinks/pro/elastic/search/configuration/ElasticSearchConfiguration.class]: Unsatisfied dependency expressed through method 'elasticSearchTimeSeriesManager' parameter 0: Error creating bean with name 'elasticSearchIndexManager' defined in class path resource [org/jetlinks/pro/elastic/search/configuration/ElasticSearchConfiguration.class]: Failed to instantiate [org.jetlinks.pro.elastic.search.index.DefaultElasticSearchIndexManager]: Factory method 'elasticSearchIndexManager' threw exception with message: java.net.ConnectException: Connection refused
	...80 frames excluded
	at org.jetlinks.pro.Application.main(Application.java:29)
Caused by: org.springframework.beans.factory.BeanCreationException: Error creating bean with name 'dataReferenceManager' defined in class path resource [org/jetlinks/pro/configuration/CommonConfiguration.class]: Failed to instantiate [org.jetlinks.pro.reference.DataReferenceManager]: Factory method 'dataReferenceManager' threw exception with message: Error creating bean with name 'defaultDataReferenceManager' defined in class path resource [org/jetlinks/pro/configuration/CommonConfiguration.class]: Failed to instantiate [org.jetlinks.pro.reference.DefaultDataReferenceManager]: Factory method 'defaultDataReferenceManager' threw exception with message: Error creating bean with name 'firmwareDataReferenceProvider' defined in class path resource [org/jetlinks/pro/device/service/FirmwareDataReferenceProvider.class]: Unsatisfied dependency expressed through constructor parameter 0: Error creating bean with name 'firmwareUpgradeTaskService' defined in class path resource [org/jetlinks/pro/device/service/FirmwareUpgradeTaskService.class]: Unsatisfied dependency expressed through constructor parameter 0: Error creating bean with name 'localDeviceInstanceService' defined in class path resource [org/jetlinks/pro/device/service/LocalDeviceInstanceService.class]: Unsatisfied dependency expressed through constructor parameter 1: Error creating bean with name 'localDeviceProductService' defined in class path resource [org/jetlinks/pro/device/service/LocalDeviceProductService.class]: Unsatisfied dependency expressed through constructor parameter 3: Error creating bean with name 'elasticSearchTimeSeriesManager' defined in class path resource [org/jetlinks/pro/elastic/search/configuration/ElasticSearchConfiguration.class]: Unsatisfied dependency expressed through method 'elasticSearchTimeSeriesManager' parameter 0: Error creating bean with name 'elasticSearchIndexManager' defined in class path resource [org/jetlinks/pro/elastic/search/configuration/ElasticSearchConfiguration.class]: Failed to instantiate [org.jetlinks.pro.elastic.search.index.DefaultElasticSearchIndexManager]: Factory method 'elasticSearchIndexManager' threw exception with message: java.net.ConnectException: Connection refused
	...94 frames excluded
	at org.jetlinks.pro.Application.main(Application.java:29)
Caused by: org.springframework.beans.BeanInstantiationException: Failed to instantiate [org.jetlinks.pro.reference.DataReferenceManager]: Factory method 'dataReferenceManager' threw exception with message: Error creating bean with name 'defaultDataReferenceManager' defined in class path resource [org/jetlinks/pro/configuration/CommonConfiguration.class]: Failed to instantiate [org.jetlinks.pro.reference.DefaultDataReferenceManager]: Factory method 'defaultDataReferenceManager' threw exception with message: Error creating bean with name 'firmwareDataReferenceProvider' defined in class path resource [org/jetlinks/pro/device/service/FirmwareDataReferenceProvider.class]: Unsatisfied dependency expressed through constructor parameter 0: Error creating bean with name 'firmwareUpgradeTaskService' defined in class path resource [org/jetlinks/pro/device/service/FirmwareUpgradeTaskService.class]: Unsatisfied dependency expressed through constructor parameter 0: Error creating bean with name 'localDeviceInstanceService' defined in class path resource [org/jetlinks/pro/device/service/LocalDeviceInstanceService.class]: Unsatisfied dependency expressed through constructor parameter 1: Error creating bean with name 'localDeviceProductService' defined in class path resource [org/jetlinks/pro/device/service/LocalDeviceProductService.class]: Unsatisfied dependency expressed through constructor parameter 3: Error creating bean with name 'elasticSearchTimeSeriesManager' defined in class path resource [org/jetlinks/pro/elastic/search/configuration/ElasticSearchConfiguration.class]: Unsatisfied dependency expressed through method 'elasticSearchTimeSeriesManager' parameter 0: Error creating bean with name 'elasticSearchIndexManager' defined in class path resource [org/jetlinks/pro/elastic/search/configuration/ElasticSearchConfiguration.class]: Failed to instantiate [org.jetlinks.pro.elastic.search.index.DefaultElasticSearchIndexManager]: Factory method 'elasticSearchIndexManager' threw exception with message: java.net.ConnectException: Connection refused
	...97 frames excluded
	at org.jetlinks.pro.Application.main(Application.java:29)
Caused by: org.springframework.beans.factory.BeanCreationException: Error creating bean with name 'defaultDataReferenceManager' defined in class path resource [org/jetlinks/pro/configuration/CommonConfiguration.class]: Failed to instantiate [org.jetlinks.pro.reference.DefaultDataReferenceManager]: Factory method 'defaultDataReferenceManager' threw exception with message: Error creating bean with name 'firmwareDataReferenceProvider' defined in class path resource [org/jetlinks/pro/device/service/FirmwareDataReferenceProvider.class]: Unsatisfied dependency expressed through constructor parameter 0: Error creating bean with name 'firmwareUpgradeTaskService' defined in class path resource [org/jetlinks/pro/device/service/FirmwareUpgradeTaskService.class]: Unsatisfied dependency expressed through constructor parameter 0: Error creating bean with name 'localDeviceInstanceService' defined in class path resource [org/jetlinks/pro/device/service/LocalDeviceInstanceService.class]: Unsatisfied dependency expressed through constructor parameter 1: Error creating bean with name 'localDeviceProductService' defined in class path resource [org/jetlinks/pro/device/service/LocalDeviceProductService.class]: Unsatisfied dependency expressed through constructor parameter 3: Error creating bean with name 'elasticSearchTimeSeriesManager' defined in class path resource [org/jetlinks/pro/elastic/search/configuration/ElasticSearchConfiguration.class]: Unsatisfied dependency expressed through method 'elasticSearchTimeSeriesManager' parameter 0: Error creating bean with name 'elasticSearchIndexManager' defined in class path resource [org/jetlinks/pro/elastic/search/configuration/ElasticSearchConfiguration.class]: Failed to instantiate [org.jetlinks.pro.elastic.search.index.DefaultElasticSearchIndexManager]: Factory method 'elasticSearchIndexManager' threw exception with message: java.net.ConnectException: Connection refused
	...12 frames excluded
	at java.base/java.util.stream.ReferencePipeline$3$1.accept(ReferencePipeline.java:197)
	at java.base/java.util.Spliterators$IteratorSpliterator.tryAdvance(Spliterators.java:1950)
	at java.base/java.util.stream.StreamSpliterators$WrappingSpliterator.lambda$initPartialTraversalState$0(StreamSpliterators.java:292)
	at java.base/java.util.stream.StreamSpliterators$AbstractWrappingSpliterator.fillBuffer(StreamSpliterators.java:206)
	at java.base/java.util.stream.StreamSpliterators$AbstractWrappingSpliterator.doAdvance(StreamSpliterators.java:169)
	at java.base/java.util.stream.StreamSpliterators$WrappingSpliterator.tryAdvance(StreamSpliterators.java:298)
	at java.base/java.util.Spliterators$1Adapter.hasNext(Spliterators.java:681)
	at java.base/java.lang.Iterable.forEach(Iterable.java:74)
	at org.jetlinks.pro.configuration.CommonConfiguration.dataReferenceManager(CommonConfiguration.java:588)
	at java.base/jdk.internal.reflect.DirectMethodHandleAccessor.invoke(DirectMethodHandleAccessor.java:103)
	...98 frames excluded
	at org.jetlinks.pro.Application.main(Application.java:29)
Caused by: org.springframework.beans.BeanInstantiationException: Failed to instantiate [org.jetlinks.pro.reference.DefaultDataReferenceManager]: Factory method 'defaultDataReferenceManager' threw exception with message: Error creating bean with name 'firmwareDataReferenceProvider' defined in class path resource [org/jetlinks/pro/device/service/FirmwareDataReferenceProvider.class]: Unsatisfied dependency expressed through constructor parameter 0: Error creating bean with name 'firmwareUpgradeTaskService' defined in class path resource [org/jetlinks/pro/device/service/FirmwareUpgradeTaskService.class]: Unsatisfied dependency expressed through constructor parameter 0: Error creating bean with name 'localDeviceInstanceService' defined in class path resource [org/jetlinks/pro/device/service/LocalDeviceInstanceService.class]: Unsatisfied dependency expressed through constructor parameter 1: Error creating bean with name 'localDeviceProductService' defined in class path resource [org/jetlinks/pro/device/service/LocalDeviceProductService.class]: Unsatisfied dependency expressed through constructor parameter 3: Error creating bean with name 'elasticSearchTimeSeriesManager' defined in class path resource [org/jetlinks/pro/elastic/search/configuration/ElasticSearchConfiguration.class]: Unsatisfied dependency expressed through method 'elasticSearchTimeSeriesManager' parameter 0: Error creating bean with name 'elasticSearchIndexManager' defined in class path resource [org/jetlinks/pro/elastic/search/configuration/ElasticSearchConfiguration.class]: Failed to instantiate [org.jetlinks.pro.elastic.search.index.DefaultElasticSearchIndexManager]: Factory method 'elasticSearchIndexManager' threw exception with message: java.net.ConnectException: Connection refused
	...15 frames excluded
	at java.base/java.util.stream.ReferencePipeline$3$1.accept(ReferencePipeline.java:197)
	at java.base/java.util.Spliterators$IteratorSpliterator.tryAdvance(Spliterators.java:1950)
	at java.base/java.util.stream.StreamSpliterators$WrappingSpliterator.lambda$initPartialTraversalState$0(StreamSpliterators.java:292)
	at java.base/java.util.stream.StreamSpliterators$AbstractWrappingSpliterator.fillBuffer(StreamSpliterators.java:206)
	at java.base/java.util.stream.StreamSpliterators$AbstractWrappingSpliterator.doAdvance(StreamSpliterators.java:169)
	at java.base/java.util.stream.StreamSpliterators$WrappingSpliterator.tryAdvance(StreamSpliterators.java:298)
	at java.base/java.util.Spliterators$1Adapter.hasNext(Spliterators.java:681)
	at java.base/java.lang.Iterable.forEach(Iterable.java:74)
	at org.jetlinks.pro.configuration.CommonConfiguration.dataReferenceManager(CommonConfiguration.java:588)
	at java.base/jdk.internal.reflect.DirectMethodHandleAccessor.invoke(DirectMethodHandleAccessor.java:103)
	...98 frames excluded
	at org.jetlinks.pro.Application.main(Application.java:29)
Caused by: org.springframework.beans.factory.UnsatisfiedDependencyException: Error creating bean with name 'firmwareDataReferenceProvider' defined in class path resource [org/jetlinks/pro/device/service/FirmwareDataReferenceProvider.class]: Unsatisfied dependency expressed through constructor parameter 0: Error creating bean with name 'firmwareUpgradeTaskService' defined in class path resource [org/jetlinks/pro/device/service/FirmwareUpgradeTaskService.class]: Unsatisfied dependency expressed through constructor parameter 0: Error creating bean with name 'localDeviceInstanceService' defined in class path resource [org/jetlinks/pro/device/service/LocalDeviceInstanceService.class]: Unsatisfied dependency expressed through constructor parameter 1: Error creating bean with name 'localDeviceProductService' defined in class path resource [org/jetlinks/pro/device/service/LocalDeviceProductService.class]: Unsatisfied dependency expressed through constructor parameter 3: Error creating bean with name 'elasticSearchTimeSeriesManager' defined in class path resource [org/jetlinks/pro/elastic/search/configuration/ElasticSearchConfiguration.class]: Unsatisfied dependency expressed through method 'elasticSearchTimeSeriesManager' parameter 0: Error creating bean with name 'elasticSearchIndexManager' defined in class path resource [org/jetlinks/pro/elastic/search/configuration/ElasticSearchConfiguration.class]: Failed to instantiate [org.jetlinks.pro.elastic.search.index.DefaultElasticSearchIndexManager]: Factory method 'elasticSearchIndexManager' threw exception with message: java.net.ConnectException: Connection refused
	...12 frames excluded
	at java.base/java.util.stream.ReferencePipeline$3$1.accept(ReferencePipeline.java:197)
	at java.base/java.util.Spliterators$IteratorSpliterator.tryAdvance(Spliterators.java:1950)
	at java.base/java.util.stream.StreamSpliterators$WrappingSpliterator.lambda$initPartialTraversalState$0(StreamSpliterators.java:292)
	at java.base/java.util.stream.StreamSpliterators$AbstractWrappingSpliterator.fillBuffer(StreamSpliterators.java:206)
	at java.base/java.util.stream.StreamSpliterators$AbstractWrappingSpliterator.doAdvance(StreamSpliterators.java:169)
	at java.base/java.util.stream.StreamSpliterators$WrappingSpliterator.tryAdvance(StreamSpliterators.java:298)
	at java.base/java.util.Spliterators$1Adapter.hasNext(Spliterators.java:681)
	at java.base/java.lang.Iterable.forEach(Iterable.java:74)
	at org.jetlinks.pro.configuration.CommonConfiguration.defaultDataReferenceManager(CommonConfiguration.java:595)
	at java.base/jdk.internal.reflect.DirectMethodHandleAccessor.invoke(DirectMethodHandleAccessor.java:103)
	...16 frames excluded
	at java.base/java.util.stream.ReferencePipeline$3$1.accept(ReferencePipeline.java:197)
	at java.base/java.util.Spliterators$IteratorSpliterator.tryAdvance(Spliterators.java:1950)
	at java.base/java.util.stream.StreamSpliterators$WrappingSpliterator.lambda$initPartialTraversalState$0(StreamSpliterators.java:292)
	at java.base/java.util.stream.StreamSpliterators$AbstractWrappingSpliterator.fillBuffer(StreamSpliterators.java:206)
	at java.base/java.util.stream.StreamSpliterators$AbstractWrappingSpliterator.doAdvance(StreamSpliterators.java:169)
	at java.base/java.util.stream.StreamSpliterators$WrappingSpliterator.tryAdvance(StreamSpliterators.java:298)
	at java.base/java.util.Spliterators$1Adapter.hasNext(Spliterators.java:681)
	at java.base/java.lang.Iterable.forEach(Iterable.java:74)
	at org.jetlinks.pro.configuration.CommonConfiguration.dataReferenceManager(CommonConfiguration.java:588)
	at java.base/jdk.internal.reflect.DirectMethodHandleAccessor.invoke(DirectMethodHandleAccessor.java:103)
	...98 frames excluded
	at org.jetlinks.pro.Application.main(Application.java:29)
Caused by: org.springframework.beans.factory.UnsatisfiedDependencyException: Error creating bean with name 'firmwareUpgradeTaskService' defined in class path resource [org/jetlinks/pro/device/service/FirmwareUpgradeTaskService.class]: Unsatisfied dependency expressed through constructor parameter 0: Error creating bean with name 'localDeviceInstanceService' defined in class path resource [org/jetlinks/pro/device/service/LocalDeviceInstanceService.class]: Unsatisfied dependency expressed through constructor parameter 1: Error creating bean with name 'localDeviceProductService' defined in class path resource [org/jetlinks/pro/device/service/LocalDeviceProductService.class]: Unsatisfied dependency expressed through constructor parameter 3: Error creating bean with name 'elasticSearchTimeSeriesManager' defined in class path resource [org/jetlinks/pro/elastic/search/configuration/ElasticSearchConfiguration.class]: Unsatisfied dependency expressed through method 'elasticSearchTimeSeriesManager' parameter 0: Error creating bean with name 'elasticSearchIndexManager' defined in class path resource [org/jetlinks/pro/elastic/search/configuration/ElasticSearchConfiguration.class]: Failed to instantiate [org.jetlinks.pro.elastic.search.index.DefaultElasticSearchIndexManager]: Factory method 'elasticSearchIndexManager' threw exception with message: java.net.ConnectException: Connection refused
	...26 frames excluded
	at java.base/java.util.stream.ReferencePipeline$3$1.accept(ReferencePipeline.java:197)
	at java.base/java.util.Spliterators$IteratorSpliterator.tryAdvance(Spliterators.java:1950)
	at java.base/java.util.stream.StreamSpliterators$WrappingSpliterator.lambda$initPartialTraversalState$0(StreamSpliterators.java:292)
	at java.base/java.util.stream.StreamSpliterators$AbstractWrappingSpliterator.fillBuffer(StreamSpliterators.java:206)
	at java.base/java.util.stream.StreamSpliterators$AbstractWrappingSpliterator.doAdvance(StreamSpliterators.java:169)
	at java.base/java.util.stream.StreamSpliterators$WrappingSpliterator.tryAdvance(StreamSpliterators.java:298)
	at java.base/java.util.Spliterators$1Adapter.hasNext(Spliterators.java:681)
	at java.base/java.lang.Iterable.forEach(Iterable.java:74)
	at org.jetlinks.pro.configuration.CommonConfiguration.defaultDataReferenceManager(CommonConfiguration.java:595)
	at java.base/jdk.internal.reflect.DirectMethodHandleAccessor.invoke(DirectMethodHandleAccessor.java:103)
	...16 frames excluded
	at java.base/java.util.stream.ReferencePipeline$3$1.accept(ReferencePipeline.java:197)
	at java.base/java.util.Spliterators$IteratorSpliterator.tryAdvance(Spliterators.java:1950)
	at java.base/java.util.stream.StreamSpliterators$WrappingSpliterator.lambda$initPartialTraversalState$0(StreamSpliterators.java:292)
	at java.base/java.util.stream.StreamSpliterators$AbstractWrappingSpliterator.fillBuffer(StreamSpliterators.java:206)
	at java.base/java.util.stream.StreamSpliterators$AbstractWrappingSpliterator.doAdvance(StreamSpliterators.java:169)
	at java.base/java.util.stream.StreamSpliterators$WrappingSpliterator.tryAdvance(StreamSpliterators.java:298)
	at java.base/java.util.Spliterators$1Adapter.hasNext(Spliterators.java:681)
	at java.base/java.lang.Iterable.forEach(Iterable.java:74)
	at org.jetlinks.pro.configuration.CommonConfiguration.dataReferenceManager(CommonConfiguration.java:588)
	at java.base/jdk.internal.reflect.DirectMethodHandleAccessor.invoke(DirectMethodHandleAccessor.java:103)
	...98 frames excluded
	at org.jetlinks.pro.Application.main(Application.java:29)
Caused by: org.springframework.beans.factory.UnsatisfiedDependencyException: Error creating bean with name 'localDeviceInstanceService' defined in class path resource [org/jetlinks/pro/device/service/LocalDeviceInstanceService.class]: Unsatisfied dependency expressed through constructor parameter 1: Error creating bean with name 'localDeviceProductService' defined in class path resource [org/jetlinks/pro/device/service/LocalDeviceProductService.class]: Unsatisfied dependency expressed through constructor parameter 3: Error creating bean with name 'elasticSearchTimeSeriesManager' defined in class path resource [org/jetlinks/pro/elastic/search/configuration/ElasticSearchConfiguration.class]: Unsatisfied dependency expressed through method 'elasticSearchTimeSeriesManager' parameter 0: Error creating bean with name 'elasticSearchIndexManager' defined in class path resource [org/jetlinks/pro/elastic/search/configuration/ElasticSearchConfiguration.class]: Failed to instantiate [org.jetlinks.pro.elastic.search.index.DefaultElasticSearchIndexManager]: Factory method 'elasticSearchIndexManager' threw exception with message: java.net.ConnectException: Connection refused
	...40 frames excluded
	at java.base/java.util.stream.ReferencePipeline$3$1.accept(ReferencePipeline.java:197)
	at java.base/java.util.Spliterators$IteratorSpliterator.tryAdvance(Spliterators.java:1950)
	at java.base/java.util.stream.StreamSpliterators$WrappingSpliterator.lambda$initPartialTraversalState$0(StreamSpliterators.java:292)
	at java.base/java.util.stream.StreamSpliterators$AbstractWrappingSpliterator.fillBuffer(StreamSpliterators.java:206)
	at java.base/java.util.stream.StreamSpliterators$AbstractWrappingSpliterator.doAdvance(StreamSpliterators.java:169)
	at java.base/java.util.stream.StreamSpliterators$WrappingSpliterator.tryAdvance(StreamSpliterators.java:298)
	at java.base/java.util.Spliterators$1Adapter.hasNext(Spliterators.java:681)
	at java.base/java.lang.Iterable.forEach(Iterable.java:74)
	at org.jetlinks.pro.configuration.CommonConfiguration.defaultDataReferenceManager(CommonConfiguration.java:595)
	at java.base/jdk.internal.reflect.DirectMethodHandleAccessor.invoke(DirectMethodHandleAccessor.java:103)
	...16 frames excluded
	at java.base/java.util.stream.ReferencePipeline$3$1.accept(ReferencePipeline.java:197)
	at java.base/java.util.Spliterators$IteratorSpliterator.tryAdvance(Spliterators.java:1950)
	at java.base/java.util.stream.StreamSpliterators$WrappingSpliterator.lambda$initPartialTraversalState$0(StreamSpliterators.java:292)
	at java.base/java.util.stream.StreamSpliterators$AbstractWrappingSpliterator.fillBuffer(StreamSpliterators.java:206)
	at java.base/java.util.stream.StreamSpliterators$AbstractWrappingSpliterator.doAdvance(StreamSpliterators.java:169)
	at java.base/java.util.stream.StreamSpliterators$WrappingSpliterator.tryAdvance(StreamSpliterators.java:298)
	at java.base/java.util.Spliterators$1Adapter.hasNext(Spliterators.java:681)
	at java.base/java.lang.Iterable.forEach(Iterable.java:74)
	at org.jetlinks.pro.configuration.CommonConfiguration.dataReferenceManager(CommonConfiguration.java:588)
	at java.base/jdk.internal.reflect.DirectMethodHandleAccessor.invoke(DirectMethodHandleAccessor.java:103)
	...98 frames excluded
	at org.jetlinks.pro.Application.main(Application.java:29)
Caused by: org.springframework.beans.factory.UnsatisfiedDependencyException: Error creating bean with name 'localDeviceProductService' defined in class path resource [org/jetlinks/pro/device/service/LocalDeviceProductService.class]: Unsatisfied dependency expressed through constructor parameter 3: Error creating bean with name 'elasticSearchTimeSeriesManager' defined in class path resource [org/jetlinks/pro/elastic/search/configuration/ElasticSearchConfiguration.class]: Unsatisfied dependency expressed through method 'elasticSearchTimeSeriesManager' parameter 0: Error creating bean with name 'elasticSearchIndexManager' defined in class path resource [org/jetlinks/pro/elastic/search/configuration/ElasticSearchConfiguration.class]: Failed to instantiate [org.jetlinks.pro.elastic.search.index.DefaultElasticSearchIndexManager]: Factory method 'elasticSearchIndexManager' threw exception with message: java.net.ConnectException: Connection refused
	...54 frames excluded
	at java.base/java.util.stream.ReferencePipeline$3$1.accept(ReferencePipeline.java:197)
	at java.base/java.util.Spliterators$IteratorSpliterator.tryAdvance(Spliterators.java:1950)
	at java.base/java.util.stream.StreamSpliterators$WrappingSpliterator.lambda$initPartialTraversalState$0(StreamSpliterators.java:292)
	at java.base/java.util.stream.StreamSpliterators$AbstractWrappingSpliterator.fillBuffer(StreamSpliterators.java:206)
	at java.base/java.util.stream.StreamSpliterators$AbstractWrappingSpliterator.doAdvance(StreamSpliterators.java:169)
	at java.base/java.util.stream.StreamSpliterators$WrappingSpliterator.tryAdvance(StreamSpliterators.java:298)
	at java.base/java.util.Spliterators$1Adapter.hasNext(Spliterators.java:681)
	at java.base/java.lang.Iterable.forEach(Iterable.java:74)
	at org.jetlinks.pro.configuration.CommonConfiguration.defaultDataReferenceManager(CommonConfiguration.java:595)
	at java.base/jdk.internal.reflect.DirectMethodHandleAccessor.invoke(DirectMethodHandleAccessor.java:103)
	...16 frames excluded
	at java.base/java.util.stream.ReferencePipeline$3$1.accept(ReferencePipeline.java:197)
	at java.base/java.util.Spliterators$IteratorSpliterator.tryAdvance(Spliterators.java:1950)
	at java.base/java.util.stream.StreamSpliterators$WrappingSpliterator.lambda$initPartialTraversalState$0(StreamSpliterators.java:292)
	at java.base/java.util.stream.StreamSpliterators$AbstractWrappingSpliterator.fillBuffer(StreamSpliterators.java:206)
	at java.base/java.util.stream.StreamSpliterators$AbstractWrappingSpliterator.doAdvance(StreamSpliterators.java:169)
	at java.base/java.util.stream.StreamSpliterators$WrappingSpliterator.tryAdvance(StreamSpliterators.java:298)
	at java.base/java.util.Spliterators$1Adapter.hasNext(Spliterators.java:681)
	at java.base/java.lang.Iterable.forEach(Iterable.java:74)
	at org.jetlinks.pro.configuration.CommonConfiguration.dataReferenceManager(CommonConfiguration.java:588)
	at java.base/jdk.internal.reflect.DirectMethodHandleAccessor.invoke(DirectMethodHandleAccessor.java:103)
	...98 frames excluded
	at org.jetlinks.pro.Application.main(Application.java:29)
Caused by: org.springframework.beans.factory.UnsatisfiedDependencyException: Error creating bean with name 'elasticSearchTimeSeriesManager' defined in class path resource [org/jetlinks/pro/elastic/search/configuration/ElasticSearchConfiguration.class]: Unsatisfied dependency expressed through method 'elasticSearchTimeSeriesManager' parameter 0: Error creating bean with name 'elasticSearchIndexManager' defined in class path resource [org/jetlinks/pro/elastic/search/configuration/ElasticSearchConfiguration.class]: Failed to instantiate [org.jetlinks.pro.elastic.search.index.DefaultElasticSearchIndexManager]: Factory method 'elasticSearchIndexManager' threw exception with message: java.net.ConnectException: Connection refused
	...68 frames excluded
	at java.base/java.util.stream.ReferencePipeline$3$1.accept(ReferencePipeline.java:197)
	at java.base/java.util.Spliterators$IteratorSpliterator.tryAdvance(Spliterators.java:1950)
	at java.base/java.util.stream.StreamSpliterators$WrappingSpliterator.lambda$initPartialTraversalState$0(StreamSpliterators.java:292)
	at java.base/java.util.stream.StreamSpliterators$AbstractWrappingSpliterator.fillBuffer(StreamSpliterators.java:206)
	at java.base/java.util.stream.StreamSpliterators$AbstractWrappingSpliterator.doAdvance(StreamSpliterators.java:169)
	at java.base/java.util.stream.StreamSpliterators$WrappingSpliterator.tryAdvance(StreamSpliterators.java:298)
	at java.base/java.util.Spliterators$1Adapter.hasNext(Spliterators.java:681)
	at java.base/java.lang.Iterable.forEach(Iterable.java:74)
	at org.jetlinks.pro.configuration.CommonConfiguration.defaultDataReferenceManager(CommonConfiguration.java:595)
	at java.base/jdk.internal.reflect.DirectMethodHandleAccessor.invoke(DirectMethodHandleAccessor.java:103)
	...16 frames excluded
	at java.base/java.util.stream.ReferencePipeline$3$1.accept(ReferencePipeline.java:197)
	at java.base/java.util.Spliterators$IteratorSpliterator.tryAdvance(Spliterators.java:1950)
	at java.base/java.util.stream.StreamSpliterators$WrappingSpliterator.lambda$initPartialTraversalState$0(StreamSpliterators.java:292)
	at java.base/java.util.stream.StreamSpliterators$AbstractWrappingSpliterator.fillBuffer(StreamSpliterators.java:206)
	at java.base/java.util.stream.StreamSpliterators$AbstractWrappingSpliterator.doAdvance(StreamSpliterators.java:169)
	at java.base/java.util.stream.StreamSpliterators$WrappingSpliterator.tryAdvance(StreamSpliterators.java:298)
	at java.base/java.util.Spliterators$1Adapter.hasNext(Spliterators.java:681)
	at java.base/java.lang.Iterable.forEach(Iterable.java:74)
	at org.jetlinks.pro.configuration.CommonConfiguration.dataReferenceManager(CommonConfiguration.java:588)
	at java.base/jdk.internal.reflect.DirectMethodHandleAccessor.invoke(DirectMethodHandleAccessor.java:103)
	...98 frames excluded
	at org.jetlinks.pro.Application.main(Application.java:29)
Caused by: org.springframework.beans.factory.BeanCreationException: Error creating bean with name 'elasticSearchIndexManager' defined in class path resource [org/jetlinks/pro/elastic/search/configuration/ElasticSearchConfiguration.class]: Failed to instantiate [org.jetlinks.pro.elastic.search.index.DefaultElasticSearchIndexManager]: Factory method 'elasticSearchIndexManager' threw exception with message: java.net.ConnectException: Connection refused
	...82 frames excluded
	at java.base/java.util.stream.ReferencePipeline$3$1.accept(ReferencePipeline.java:197)
	at java.base/java.util.Spliterators$IteratorSpliterator.tryAdvance(Spliterators.java:1950)
	at java.base/java.util.stream.StreamSpliterators$WrappingSpliterator.lambda$initPartialTraversalState$0(StreamSpliterators.java:292)
	at java.base/java.util.stream.StreamSpliterators$AbstractWrappingSpliterator.fillBuffer(StreamSpliterators.java:206)
	at java.base/java.util.stream.StreamSpliterators$AbstractWrappingSpliterator.doAdvance(StreamSpliterators.java:169)
	at java.base/java.util.stream.StreamSpliterators$WrappingSpliterator.tryAdvance(StreamSpliterators.java:298)
	at java.base/java.util.Spliterators$1Adapter.hasNext(Spliterators.java:681)
	at java.base/java.lang.Iterable.forEach(Iterable.java:74)
	at org.jetlinks.pro.configuration.CommonConfiguration.defaultDataReferenceManager(CommonConfiguration.java:595)
	at java.base/jdk.internal.reflect.DirectMethodHandleAccessor.invoke(DirectMethodHandleAccessor.java:103)
	...16 frames excluded
	at java.base/java.util.stream.ReferencePipeline$3$1.accept(ReferencePipeline.java:197)
	at java.base/java.util.Spliterators$IteratorSpliterator.tryAdvance(Spliterators.java:1950)
	at java.base/java.util.stream.StreamSpliterators$WrappingSpliterator.lambda$initPartialTraversalState$0(StreamSpliterators.java:292)
	at java.base/java.util.stream.StreamSpliterators$AbstractWrappingSpliterator.fillBuffer(StreamSpliterators.java:206)
	at java.base/java.util.stream.StreamSpliterators$AbstractWrappingSpliterator.doAdvance(StreamSpliterators.java:169)
	at java.base/java.util.stream.StreamSpliterators$WrappingSpliterator.tryAdvance(StreamSpliterators.java:298)
	at java.base/java.util.Spliterators$1Adapter.hasNext(Spliterators.java:681)
	at java.base/java.lang.Iterable.forEach(Iterable.java:74)
	at org.jetlinks.pro.configuration.CommonConfiguration.dataReferenceManager(CommonConfiguration.java:588)
	at java.base/jdk.internal.reflect.DirectMethodHandleAccessor.invoke(DirectMethodHandleAccessor.java:103)
	...98 frames excluded
	at org.jetlinks.pro.Application.main(Application.java:29)
Caused by: org.springframework.beans.BeanInstantiationException: Failed to instantiate [org.jetlinks.pro.elastic.search.index.DefaultElasticSearchIndexManager]: Factory method 'elasticSearchIndexManager' threw exception with message: java.net.ConnectException: Connection refused
	...85 frames excluded
	at java.base/java.util.stream.ReferencePipeline$3$1.accept(ReferencePipeline.java:197)
	at java.base/java.util.Spliterators$IteratorSpliterator.tryAdvance(Spliterators.java:1950)
	at java.base/java.util.stream.StreamSpliterators$WrappingSpliterator.lambda$initPartialTraversalState$0(StreamSpliterators.java:292)
	at java.base/java.util.stream.StreamSpliterators$AbstractWrappingSpliterator.fillBuffer(StreamSpliterators.java:206)
	at java.base/java.util.stream.StreamSpliterators$AbstractWrappingSpliterator.doAdvance(StreamSpliterators.java:169)
	at java.base/java.util.stream.StreamSpliterators$WrappingSpliterator.tryAdvance(StreamSpliterators.java:298)
	at java.base/java.util.Spliterators$1Adapter.hasNext(Spliterators.java:681)
	at java.base/java.lang.Iterable.forEach(Iterable.java:74)
	at org.jetlinks.pro.configuration.CommonConfiguration.defaultDataReferenceManager(CommonConfiguration.java:595)
	at java.base/jdk.internal.reflect.DirectMethodHandleAccessor.invoke(DirectMethodHandleAccessor.java:103)
	...16 frames excluded
	at java.base/java.util.stream.ReferencePipeline$3$1.accept(ReferencePipeline.java:197)
	at java.base/java.util.Spliterators$IteratorSpliterator.tryAdvance(Spliterators.java:1950)
	at java.base/java.util.stream.StreamSpliterators$WrappingSpliterator.lambda$initPartialTraversalState$0(StreamSpliterators.java:292)
	at java.base/java.util.stream.StreamSpliterators$AbstractWrappingSpliterator.fillBuffer(StreamSpliterators.java:206)
	at java.base/java.util.stream.StreamSpliterators$AbstractWrappingSpliterator.doAdvance(StreamSpliterators.java:169)
	at java.base/java.util.stream.StreamSpliterators$WrappingSpliterator.tryAdvance(StreamSpliterators.java:298)
	at java.base/java.util.Spliterators$1Adapter.hasNext(Spliterators.java:681)
	at java.base/java.lang.Iterable.forEach(Iterable.java:74)
	at org.jetlinks.pro.configuration.CommonConfiguration.dataReferenceManager(CommonConfiguration.java:588)
	at java.base/jdk.internal.reflect.DirectMethodHandleAccessor.invoke(DirectMethodHandleAccessor.java:103)
	...98 frames excluded
	at org.jetlinks.pro.Application.main(Application.java:29)
Caused by: reactor.core.Exceptions$ReactiveException: java.net.ConnectException: Connection refused
	at reactor.core.Exceptions.propagate(Exceptions.java:410)
	...2 frames excluded
	at org.jetlinks.pro.elastic.search.geo.GeoElasticSearchIndexCustomizer.custom(GeoElasticSearchIndexCustomizer.java:39)
	at org.jetlinks.pro.elastic.search.index.DefaultElasticSearchIndexManager.lambda$new$0(DefaultElasticSearchIndexManager.java:50)
	at java.base/java.util.ArrayList.forEach(ArrayList.java:1596)
	at org.jetlinks.pro.elastic.search.index.DefaultElasticSearchIndexManager.<init>(DefaultElasticSearchIndexManager.java:50)
	at org.jetlinks.pro.elastic.search.configuration.ElasticSearchConfiguration.elasticSearchIndexManager(ElasticSearchConfiguration.java:86)
	at java.base/jdk.internal.reflect.DirectMethodHandleAccessor.invoke(DirectMethodHandleAccessor.java:103)
	...86 frames excluded
	at java.base/java.util.stream.ReferencePipeline$3$1.accept(ReferencePipeline.java:197)
	at java.base/java.util.Spliterators$IteratorSpliterator.tryAdvance(Spliterators.java:1950)
	at java.base/java.util.stream.StreamSpliterators$WrappingSpliterator.lambda$initPartialTraversalState$0(StreamSpliterators.java:292)
	at java.base/java.util.stream.StreamSpliterators$AbstractWrappingSpliterator.fillBuffer(StreamSpliterators.java:206)
	at java.base/java.util.stream.StreamSpliterators$AbstractWrappingSpliterator.doAdvance(StreamSpliterators.java:169)
	at java.base/java.util.stream.StreamSpliterators$WrappingSpliterator.tryAdvance(StreamSpliterators.java:298)
	at java.base/java.util.Spliterators$1Adapter.hasNext(Spliterators.java:681)
	at java.base/java.lang.Iterable.forEach(Iterable.java:74)
	at org.jetlinks.pro.configuration.CommonConfiguration.defaultDataReferenceManager(CommonConfiguration.java:595)
	at java.base/jdk.internal.reflect.DirectMethodHandleAccessor.invoke(DirectMethodHandleAccessor.java:103)
	...16 frames excluded
	at java.base/java.util.stream.ReferencePipeline$3$1.accept(ReferencePipeline.java:197)
	at java.base/java.util.Spliterators$IteratorSpliterator.tryAdvance(Spliterators.java:1950)
	at java.base/java.util.stream.StreamSpliterators$WrappingSpliterator.lambda$initPartialTraversalState$0(StreamSpliterators.java:292)
	at java.base/java.util.stream.StreamSpliterators$AbstractWrappingSpliterator.fillBuffer(StreamSpliterators.java:206)
	at java.base/java.util.stream.StreamSpliterators$AbstractWrappingSpliterator.doAdvance(StreamSpliterators.java:169)
	at java.base/java.util.stream.StreamSpliterators$WrappingSpliterator.tryAdvance(StreamSpliterators.java:298)
	at java.base/java.util.Spliterators$1Adapter.hasNext(Spliterators.java:681)
	at java.base/java.lang.Iterable.forEach(Iterable.java:74)
	at org.jetlinks.pro.configuration.CommonConfiguration.dataReferenceManager(CommonConfiguration.java:588)
	at java.base/jdk.internal.reflect.DirectMethodHandleAccessor.invoke(DirectMethodHandleAccessor.java:103)
	...98 frames excluded
	at org.jetlinks.pro.Application.main(Application.java:29)
Suppressed: java.lang.Exception: #block terminated with an error
	...2 frames excluded
	at org.jetlinks.pro.elastic.search.geo.GeoElasticSearchIndexCustomizer.custom(GeoElasticSearchIndexCustomizer.java:39)
	at org.jetlinks.pro.elastic.search.index.DefaultElasticSearchIndexManager.lambda$new$0(DefaultElasticSearchIndexManager.java:50)
	at java.base/java.util.ArrayList.forEach(ArrayList.java:1596)
	at org.jetlinks.pro.elastic.search.index.DefaultElasticSearchIndexManager.<init>(DefaultElasticSearchIndexManager.java:50)
	at org.jetlinks.pro.elastic.search.configuration.ElasticSearchConfiguration.elasticSearchIndexManager(ElasticSearchConfiguration.java:86)
	at java.base/jdk.internal.reflect.DirectMethodHandleAccessor.invoke(DirectMethodHandleAccessor.java:103)
	...86 frames excluded
	at java.base/java.util.stream.ReferencePipeline$3$1.accept(ReferencePipeline.java:197)
	at java.base/java.util.Spliterators$IteratorSpliterator.tryAdvance(Spliterators.java:1950)
	at java.base/java.util.stream.StreamSpliterators$WrappingSpliterator.lambda$initPartialTraversalState$0(StreamSpliterators.java:292)
	at java.base/java.util.stream.StreamSpliterators$AbstractWrappingSpliterator.fillBuffer(StreamSpliterators.java:206)
	at java.base/java.util.stream.StreamSpliterators$AbstractWrappingSpliterator.doAdvance(StreamSpliterators.java:169)
	at java.base/java.util.stream.StreamSpliterators$WrappingSpliterator.tryAdvance(StreamSpliterators.java:298)
	at java.base/java.util.Spliterators$1Adapter.hasNext(Spliterators.java:681)
	at java.base/java.lang.Iterable.forEach(Iterable.java:74)
	at org.jetlinks.pro.configuration.CommonConfiguration.defaultDataReferenceManager(CommonConfiguration.java:595)
	at java.base/jdk.internal.reflect.DirectMethodHandleAccessor.invoke(DirectMethodHandleAccessor.java:103)
	...16 frames excluded
	at java.base/java.util.stream.ReferencePipeline$3$1.accept(ReferencePipeline.java:197)
	at java.base/java.util.Spliterators$IteratorSpliterator.tryAdvance(Spliterators.java:1950)
	at java.base/java.util.stream.StreamSpliterators$WrappingSpliterator.lambda$initPartialTraversalState$0(StreamSpliterators.java:292)
	at java.base/java.util.stream.StreamSpliterators$AbstractWrappingSpliterator.fillBuffer(StreamSpliterators.java:206)
	at java.base/java.util.stream.StreamSpliterators$AbstractWrappingSpliterator.doAdvance(StreamSpliterators.java:169)
	at java.base/java.util.stream.StreamSpliterators$WrappingSpliterator.tryAdvance(StreamSpliterators.java:298)
	at java.base/java.util.Spliterators$1Adapter.hasNext(Spliterators.java:681)
	at java.base/java.lang.Iterable.forEach(Iterable.java:74)
	at org.jetlinks.pro.configuration.CommonConfiguration.dataReferenceManager(CommonConfiguration.java:588)
	at java.base/jdk.internal.reflect.DirectMethodHandleAccessor.invoke(DirectMethodHandleAccessor.java:103)
	...98 frames excluded
	at org.jetlinks.pro.Application.main(Application.java:29)
Caused by: java.net.ConnectException: Connection refused
	at org.elasticsearch.client.RestClient.extractAndWrapCause(RestClient.java:932)
Suppressed: The stacktrace has been enhanced by Reactor, refer to additional information below: 
Assembly trace from producer [reactor.core.publisher.MonoSubscribeOnCallable] :
	reactor.core.publisher.Mono.subscribeOn
	org.jetlinks.pro.elastic.search.service.reactive.DefaultReactiveElasticsearchClient.execute(DefaultReactiveElasticsearchClient.java:65)
Error has been observed at the following site(s):
	*__Mono.subscribeOn ⇢ at org.jetlinks.pro.elastic.search.service.reactive.DefaultReactiveElasticsearchClient.execute(DefaultReactiveElasticsearchClient.java:65)
	|_                  ⇢ at org.jetlinks.pro.elastic.search.index.strategies.AbstractElasticSearchIndexStrategy.indexExists(AbstractElasticSearchIndexStrategy.java:50)
	|_     Mono.flatMap ⇢ at org.jetlinks.pro.elastic.search.index.strategies.AbstractElasticSearchIndexStrategy.doPutIndex(AbstractElasticSearchIndexStrategy.java:69)
	*___Mono.thenReturn ⇢ at org.jetlinks.pro.elastic.search.index.strategies.DirectElasticSearchIndexStrategy.putIndex(DirectElasticSearchIndexStrategy.java:30)
	|_                  ⇢ at org.jetlinks.pro.elastic.search.index.DefaultElasticSearchIndexManager.lambda$putIndex$1(DefaultElasticSearchIndexManager.java:62)
	*______Mono.flatMap ⇢ at org.jetlinks.pro.elastic.search.index.DefaultElasticSearchIndexManager.putIndex(DefaultElasticSearchIndexManager.java:62)
	|_    Mono.doOnNext ⇢ at org.jetlinks.pro.elastic.search.index.DefaultElasticSearchIndexManager.putIndex(DefaultElasticSearchIndexManager.java:63)
	|_        Mono.then ⇢ at org.jetlinks.pro.elastic.search.index.DefaultElasticSearchIndexManager.putIndex(DefaultElasticSearchIndexManager.java:64)
Original Stack Trace:
	at org.elasticsearch.client.RestClient.extractAndWrapCause(RestClient.java:932)
	at org.elasticsearch.client.RestClient.performRequest(RestClient.java:300)
	at org.elasticsearch.client.RestClient.performRequest(RestClient.java:288)
	at co.elastic.clients.transport.rest_client.RestClientHttpClient.performRequest(RestClientHttpClient.java:91)
	at co.elastic.clients.transport.ElasticsearchTransportBase.performRequest(ElasticsearchTransportBase.java:140)
	at co.elastic.clients.elasticsearch.indices.ElasticsearchIndicesClient.exists(ElasticsearchIndicesClient.java:598)
	at co.elastic.clients.elasticsearch.indices.ElasticsearchIndicesClient.exists(ElasticsearchIndicesClient.java:614)
	at org.jetlinks.pro.elastic.search.index.strategies.AbstractElasticSearchIndexStrategy.lambda$indexExists$1(AbstractElasticSearchIndexStrategy.java:53)
	at org.jetlinks.pro.elastic.search.service.reactive.DefaultReactiveElasticsearchClient.lambda$execute$1(DefaultReactiveElasticsearchClient.java:63)
	...10 frames excluded
Caused by: java.net.ConnectException: Connection refused
	at java.base/sun.nio.ch.Net.pollConnect(Native Method)
	at java.base/sun.nio.ch.Net.pollConnectNow(Net.java:682)
	at java.base/sun.nio.ch.SocketChannelImpl.finishConnect(SocketChannelImpl.java:973)
	at org.apache.http.impl.nio.reactor.DefaultConnectingIOReactor.processEvent(DefaultConnectingIOReactor.java:174)
	at org.apache.http.impl.nio.reactor.DefaultConnectingIOReactor.processEvents(DefaultConnectingIOReactor.java:148)
	at org.apache.http.impl.nio.reactor.AbstractMultiworkerIOReactor.execute(AbstractMultiworkerIOReactor.java:351)
	at org.apache.http.impl.nio.conn.PoolingNHttpClientConnectionManager.execute(PoolingNHttpClientConnectionManager.java:221)
	at org.apache.http.impl.nio.client.CloseableHttpAsyncClientBase$1.run(CloseableHttpAsyncClientBase.java:64)
	...1 frames excluded
2026-05-06T19:54:34.382+08:00  INFO 6811 --- [jetlinks-platform] [sc-cluster-18844-2] io.scalecube.cluster.ClusterImpl         : [default:jetlinks-platform:8844:6d00370f-ced9-4c75-bfb7-0c48fb3b06de@127.0.0.1:18844][leaveCluster] Left cluster
2026-05-06T19:54:34.384+08:00  INFO 6811 --- [jetlinks-platform] [sc-cluster-18844-2] i.s.cluster.transport.api.Transport      : [127.0.0.1:18844][doStop] Stopping
2026-05-06T19:54:34.385+08:00  INFO 6811 --- [jetlinks-platform] [sc-cluster-18844-2] i.s.cluster.transport.api.Transport      : [127.0.0.1:18844][closeServer] Closing server channel
2026-05-06T19:54:34.386+08:00  INFO 6811 --- [jetlinks-platform] [sc-cluster-io-kqueue-1] i.s.cluster.transport.api.Transport      : [127.0.0.1:18844][closeServer] Closed server channel
2026-05-06T19:54:34.389+08:00  INFO 6811 --- [jetlinks-platform] [sc-cluster-io-kqueue-1] i.s.cluster.transport.api.Transport      : [127.0.0.1:18844][doStop] Stopped
2026-05-06T19:54:34.390+08:00  INFO 6811 --- [jetlinks-platform] [sc-cluster-io-kqueue-1] io.scalecube.cluster.ClusterImpl         : [default:jetlinks-platform:8844:6d00370f-ced9-4c75-bfb7-0c48fb3b06de@127.0.0.1:18844][doShutdown] Shutdown
2026-05-06T19:55:49.250+08:00  INFO 6862 --- [jetlinks-platform] [main] org.jetlinks.pro.Application             : Starting Application using Java 21.0.9 with PID 6862 (/Volumes/minisHd/工作/演示/jetlinks-project-template/bootstrap/target/classes started by cding in /Volumes/minisHd/工作/演示)
2026-05-06T19:55:49.251+08:00  INFO 6862 --- [jetlinks-platform] [main] org.jetlinks.pro.Application             : The following 3 profiles are active: "default", "dev", "local"
2026-05-06T19:55:51.351+08:00  INFO 6862 --- [jetlinks-platform] [main] o.h.web.id.SnowflakeIdGenerator          : worker starting. timestamp left shift 22, datacenter id bits 5, worker id bits 5, sequence bits 12, workerid 6
2026-05-06T19:55:51.984+08:00  INFO 6862 --- [jetlinks-platform] [main] io.scalecube.cluster.ClusterImpl         : [null][doStart] Starting, config: ClusterConfig[metadata=null, metadataTimeout=3000, metadataCodec=io.scalecube.cluster.metadata.JdkMetadataCodec@6354a50a, memberAlias='jetlinks-platform:8844', externalHost='127.0.0.1', externalPort=18844, transportConfig=TransportConfig[port=18844, clientSecured=false, connectTimeout=3000, messageCodec=org.jetlinks.pro.configure.cluster.CustomMessageCodec@15c48119, maxFrameLength=2097152, transportFactory=io.scalecube.transport.netty.tcp.TcpTransportFactory@2cb09f00, addressMapper=java.util.function.Function$$Lambda/0x000000e00100ac68@5c14c284], failureDetectorConfig=FailureDetectorConfig[pingInterval=1000, pingTimeout=3000, pingReqMembers=3], gossipConfig=GossipConfig[gossipFanout=3, gossipInterval=200, gossipRepeatMult=3, gossipSegmentationThreshold=1000], membershipConfig=MembershipConfig[seedMembers=[], syncInterval=5000, syncTimeout=20000, suspicionMult=5, namespace='default', removedMembersHistorySize=42]]
2026-05-06T19:55:52.225+08:00  INFO 6862 --- [jetlinks-platform] [sc-cluster-io-kqueue-1] i.s.cluster.transport.api.Transport      : [start][/[0:0:0:0:0:0:0:0]:18844] Bound cluster transport
2026-05-06T19:55:52.239+08:00  INFO 6862 --- [jetlinks-platform] [sc-cluster-io-kqueue-1] io.scalecube.cluster.ClusterImpl         : [default:jetlinks-platform:8844:59f2e1e8-ce54-4ea7-b7b5-84fd0dfd7b39@127.0.0.1:18844][doStart] Started
2026-05-06T19:55:55.339+08:00  WARN 6862 --- [jetlinks-platform] [main] onfigReactiveWebServerApplicationContext : Exception encountered during context initialization - cancelling refresh attempt: org.springframework.beans.factory.UnsatisfiedDependencyException: Error creating bean with name 'aliyunSmsController' defined in class path resource [org/jetlinks/pro/notify/sms/aliyun/web/AliyunSmsController.class]: Unsatisfied dependency expressed through constructor parameter 0: Error creating bean with name 'notifierManager' defined in class path resource [org/jetlinks/pro/notify/configuration/NotifierAutoConfiguration.class]: Unsatisfied dependency expressed through method 'notifierManager' parameter 1: Error creating bean with name 'notifyConfigManager' defined in class path resource [org/jetlinks/pro/notify/configuration/NotifierAutoConfiguration.class]: Unsatisfied dependency expressed through method 'notifyConfigManager' parameter 0: Error creating bean with name 'defaultNotifyConfigManager' defined in class path resource [org/jetlinks/pro/notify/manager/service/DefaultNotifyConfigManager.class]: Unsatisfied dependency expressed through constructor parameter 0: Error creating bean with name 'notifyConfigService' defined in class path resource [org/jetlinks/pro/notify/manager/service/NotifyConfigService.class]: Unsatisfied dependency expressed through constructor parameter 0: Error creating bean with name 'dataReferenceManager' defined in class path resource [org/jetlinks/pro/configuration/CommonConfiguration.class]: Failed to instantiate [org.jetlinks.pro.reference.DataReferenceManager]: Factory method 'dataReferenceManager' threw exception with message: Error creating bean with name 'defaultDataReferenceManager' defined in class path resource [org/jetlinks/pro/configuration/CommonConfiguration.class]: Failed to instantiate [org.jetlinks.pro.reference.DefaultDataReferenceManager]: Factory method 'defaultDataReferenceManager' threw exception with message: Error creating bean with name 'firmwareDataReferenceProvider' defined in class path resource [org/jetlinks/pro/device/service/FirmwareDataReferenceProvider.class]: Unsatisfied dependency expressed through constructor parameter 0: Error creating bean with name 'firmwareUpgradeTaskService' defined in class path resource [org/jetlinks/pro/device/service/FirmwareUpgradeTaskService.class]: Unsatisfied dependency expressed through constructor parameter 0: Error creating bean with name 'localDeviceInstanceService' defined in class path resource [org/jetlinks/pro/device/service/LocalDeviceInstanceService.class]: Unsatisfied dependency expressed through constructor parameter 1: Error creating bean with name 'localDeviceProductService' defined in class path resource [org/jetlinks/pro/device/service/LocalDeviceProductService.class]: Unsatisfied dependency expressed through constructor parameter 3: Error creating bean with name 'elasticSearchTimeSeriesManager' defined in class path resource [org/jetlinks/pro/elastic/search/configuration/ElasticSearchConfiguration.class]: Unsatisfied dependency expressed through method 'elasticSearchTimeSeriesManager' parameter 0: Error creating bean with name 'elasticSearchIndexManager' defined in class path resource [org/jetlinks/pro/elastic/search/configuration/ElasticSearchConfiguration.class]: Failed to instantiate [org.jetlinks.pro.elastic.search.index.DefaultElasticSearchIndexManager]: Factory method 'elasticSearchIndexManager' threw exception with message: java.net.ConnectException: Connection refused
2026-05-06T19:55:55.347+08:00  INFO 6862 --- [jetlinks-platform] [main] .j.p.c.d.PersistenceDeviceSessionManager : Persistent and close session
2026-05-06T19:55:55.348+08:00  INFO 6862 --- [jetlinks-platform] [main] .j.p.c.d.PersistenceDeviceSessionManager : Compact and close local session store ./data/sessions/jetlinks-platform_8844
2026-05-06T19:55:55.469+08:00  WARN 6862 --- [jetlinks-platform] [main] d.r.c.l.LettucePoolingConnectionProvider : LettucePoolingConnectionProvider contains unreleased connections
2026-05-06T19:55:55.479+08:00  INFO 6862 --- [jetlinks-platform] [main] o.jetlinks.pro.cluster.ClusterEventBus   : shutdown eventbus
2026-05-06T19:55:55.480+08:00  INFO 6862 --- [jetlinks-platform] [main] io.scalecube.cluster.ClusterImpl         : [default:jetlinks-platform:8844:59f2e1e8-ce54-4ea7-b7b5-84fd0dfd7b39@127.0.0.1:18844][doShutdown] Shutting down
2026-05-06T19:55:55.481+08:00  INFO 6862 --- [jetlinks-platform] [main] io.scalecube.cluster.ClusterImpl         : [default:jetlinks-platform:8844:59f2e1e8-ce54-4ea7-b7b5-84fd0dfd7b39@127.0.0.1:18844][leaveCluster] Leaving cluster
2026-05-06T19:55:55.521+08:00 ERROR 6862 --- [jetlinks-platform] [main] o.s.boot.SpringApplication               : Application run failed
org.springframework.beans.factory.UnsatisfiedDependencyException: Error creating bean with name 'aliyunSmsController' defined in class path resource [org/jetlinks/pro/notify/sms/aliyun/web/AliyunSmsController.class]: Unsatisfied dependency expressed through constructor parameter 0: Error creating bean with name 'notifierManager' defined in class path resource [org/jetlinks/pro/notify/configuration/NotifierAutoConfiguration.class]: Unsatisfied dependency expressed through method 'notifierManager' parameter 1: Error creating bean with name 'notifyConfigManager' defined in class path resource [org/jetlinks/pro/notify/configuration/NotifierAutoConfiguration.class]: Unsatisfied dependency expressed through method 'notifyConfigManager' parameter 0: Error creating bean with name 'defaultNotifyConfigManager' defined in class path resource [org/jetlinks/pro/notify/manager/service/DefaultNotifyConfigManager.class]: Unsatisfied dependency expressed through constructor parameter 0: Error creating bean with name 'notifyConfigService' defined in class path resource [org/jetlinks/pro/notify/manager/service/NotifyConfigService.class]: Unsatisfied dependency expressed through constructor parameter 0: Error creating bean with name 'dataReferenceManager' defined in class path resource [org/jetlinks/pro/configuration/CommonConfiguration.class]: Failed to instantiate [org.jetlinks.pro.reference.DataReferenceManager]: Factory method 'dataReferenceManager' threw exception with message: Error creating bean with name 'defaultDataReferenceManager' defined in class path resource [org/jetlinks/pro/configuration/CommonConfiguration.class]: Failed to instantiate [org.jetlinks.pro.reference.DefaultDataReferenceManager]: Factory method 'defaultDataReferenceManager' threw exception with message: Error creating bean with name 'firmwareDataReferenceProvider' defined in class path resource [org/jetlinks/pro/device/service/FirmwareDataReferenceProvider.class]: Unsatisfied dependency expressed through constructor parameter 0: Error creating bean with name 'firmwareUpgradeTaskService' defined in class path resource [org/jetlinks/pro/device/service/FirmwareUpgradeTaskService.class]: Unsatisfied dependency expressed through constructor parameter 0: Error creating bean with name 'localDeviceInstanceService' defined in class path resource [org/jetlinks/pro/device/service/LocalDeviceInstanceService.class]: Unsatisfied dependency expressed through constructor parameter 1: Error creating bean with name 'localDeviceProductService' defined in class path resource [org/jetlinks/pro/device/service/LocalDeviceProductService.class]: Unsatisfied dependency expressed through constructor parameter 3: Error creating bean with name 'elasticSearchTimeSeriesManager' defined in class path resource [org/jetlinks/pro/elastic/search/configuration/ElasticSearchConfiguration.class]: Unsatisfied dependency expressed through method 'elasticSearchTimeSeriesManager' parameter 0: Error creating bean with name 'elasticSearchIndexManager' defined in class path resource [org/jetlinks/pro/elastic/search/configuration/ElasticSearchConfiguration.class]: Failed to instantiate [org.jetlinks.pro.elastic.search.index.DefaultElasticSearchIndexManager]: Factory method 'elasticSearchIndexManager' threw exception with message: java.net.ConnectException: Connection refused
	...21 frames excluded
	at org.jetlinks.pro.Application.main(Application.java:29)
Caused by: org.springframework.beans.factory.UnsatisfiedDependencyException: Error creating bean with name 'notifierManager' defined in class path resource [org/jetlinks/pro/notify/configuration/NotifierAutoConfiguration.class]: Unsatisfied dependency expressed through method 'notifierManager' parameter 1: Error creating bean with name 'notifyConfigManager' defined in class path resource [org/jetlinks/pro/notify/configuration/NotifierAutoConfiguration.class]: Unsatisfied dependency expressed through method 'notifyConfigManager' parameter 0: Error creating bean with name 'defaultNotifyConfigManager' defined in class path resource [org/jetlinks/pro/notify/manager/service/DefaultNotifyConfigManager.class]: Unsatisfied dependency expressed through constructor parameter 0: Error creating bean with name 'notifyConfigService' defined in class path resource [org/jetlinks/pro/notify/manager/service/NotifyConfigService.class]: Unsatisfied dependency expressed through constructor parameter 0: Error creating bean with name 'dataReferenceManager' defined in class path resource [org/jetlinks/pro/configuration/CommonConfiguration.class]: Failed to instantiate [org.jetlinks.pro.reference.DataReferenceManager]: Factory method 'dataReferenceManager' threw exception with message: Error creating bean with name 'defaultDataReferenceManager' defined in class path resource [org/jetlinks/pro/configuration/CommonConfiguration.class]: Failed to instantiate [org.jetlinks.pro.reference.DefaultDataReferenceManager]: Factory method 'defaultDataReferenceManager' threw exception with message: Error creating bean with name 'firmwareDataReferenceProvider' defined in class path resource [org/jetlinks/pro/device/service/FirmwareDataReferenceProvider.class]: Unsatisfied dependency expressed through constructor parameter 0: Error creating bean with name 'firmwareUpgradeTaskService' defined in class path resource [org/jetlinks/pro/device/service/FirmwareUpgradeTaskService.class]: Unsatisfied dependency expressed through constructor parameter 0: Error creating bean with name 'localDeviceInstanceService' defined in class path resource [org/jetlinks/pro/device/service/LocalDeviceInstanceService.class]: Unsatisfied dependency expressed through constructor parameter 1: Error creating bean with name 'localDeviceProductService' defined in class path resource [org/jetlinks/pro/device/service/LocalDeviceProductService.class]: Unsatisfied dependency expressed through constructor parameter 3: Error creating bean with name 'elasticSearchTimeSeriesManager' defined in class path resource [org/jetlinks/pro/elastic/search/configuration/ElasticSearchConfiguration.class]: Unsatisfied dependency expressed through method 'elasticSearchTimeSeriesManager' parameter 0: Error creating bean with name 'elasticSearchIndexManager' defined in class path resource [org/jetlinks/pro/elastic/search/configuration/ElasticSearchConfiguration.class]: Failed to instantiate [org.jetlinks.pro.elastic.search.index.DefaultElasticSearchIndexManager]: Factory method 'elasticSearchIndexManager' threw exception with message: java.net.ConnectException: Connection refused
	...34 frames excluded
	at org.jetlinks.pro.Application.main(Application.java:29)
Caused by: org.springframework.beans.factory.UnsatisfiedDependencyException: Error creating bean with name 'notifyConfigManager' defined in class path resource [org/jetlinks/pro/notify/configuration/NotifierAutoConfiguration.class]: Unsatisfied dependency expressed through method 'notifyConfigManager' parameter 0: Error creating bean with name 'defaultNotifyConfigManager' defined in class path resource [org/jetlinks/pro/notify/manager/service/DefaultNotifyConfigManager.class]: Unsatisfied dependency expressed through constructor parameter 0: Error creating bean with name 'notifyConfigService' defined in class path resource [org/jetlinks/pro/notify/manager/service/NotifyConfigService.class]: Unsatisfied dependency expressed through constructor parameter 0: Error creating bean with name 'dataReferenceManager' defined in class path resource [org/jetlinks/pro/configuration/CommonConfiguration.class]: Failed to instantiate [org.jetlinks.pro.reference.DataReferenceManager]: Factory method 'dataReferenceManager' threw exception with message: Error creating bean with name 'defaultDataReferenceManager' defined in class path resource [org/jetlinks/pro/configuration/CommonConfiguration.class]: Failed to instantiate [org.jetlinks.pro.reference.DefaultDataReferenceManager]: Factory method 'defaultDataReferenceManager' threw exception with message: Error creating bean with name 'firmwareDataReferenceProvider' defined in class path resource [org/jetlinks/pro/device/service/FirmwareDataReferenceProvider.class]: Unsatisfied dependency expressed through constructor parameter 0: Error creating bean with name 'firmwareUpgradeTaskService' defined in class path resource [org/jetlinks/pro/device/service/FirmwareUpgradeTaskService.class]: Unsatisfied dependency expressed through constructor parameter 0: Error creating bean with name 'localDeviceInstanceService' defined in class path resource [org/jetlinks/pro/device/service/LocalDeviceInstanceService.class]: Unsatisfied dependency expressed through constructor parameter 1: Error creating bean with name 'localDeviceProductService' defined in class path resource [org/jetlinks/pro/device/service/LocalDeviceProductService.class]: Unsatisfied dependency expressed through constructor parameter 3: Error creating bean with name 'elasticSearchTimeSeriesManager' defined in class path resource [org/jetlinks/pro/elastic/search/configuration/ElasticSearchConfiguration.class]: Unsatisfied dependency expressed through method 'elasticSearchTimeSeriesManager' parameter 0: Error creating bean with name 'elasticSearchIndexManager' defined in class path resource [org/jetlinks/pro/elastic/search/configuration/ElasticSearchConfiguration.class]: Failed to instantiate [org.jetlinks.pro.elastic.search.index.DefaultElasticSearchIndexManager]: Factory method 'elasticSearchIndexManager' threw exception with message: java.net.ConnectException: Connection refused
	...48 frames excluded
	at org.jetlinks.pro.Application.main(Application.java:29)
Caused by: org.springframework.beans.factory.UnsatisfiedDependencyException: Error creating bean with name 'defaultNotifyConfigManager' defined in class path resource [org/jetlinks/pro/notify/manager/service/DefaultNotifyConfigManager.class]: Unsatisfied dependency expressed through constructor parameter 0: Error creating bean with name 'notifyConfigService' defined in class path resource [org/jetlinks/pro/notify/manager/service/NotifyConfigService.class]: Unsatisfied dependency expressed through constructor parameter 0: Error creating bean with name 'dataReferenceManager' defined in class path resource [org/jetlinks/pro/configuration/CommonConfiguration.class]: Failed to instantiate [org.jetlinks.pro.reference.DataReferenceManager]: Factory method 'dataReferenceManager' threw exception with message: Error creating bean with name 'defaultDataReferenceManager' defined in class path resource [org/jetlinks/pro/configuration/CommonConfiguration.class]: Failed to instantiate [org.jetlinks.pro.reference.DefaultDataReferenceManager]: Factory method 'defaultDataReferenceManager' threw exception with message: Error creating bean with name 'firmwareDataReferenceProvider' defined in class path resource [org/jetlinks/pro/device/service/FirmwareDataReferenceProvider.class]: Unsatisfied dependency expressed through constructor parameter 0: Error creating bean with name 'firmwareUpgradeTaskService' defined in class path resource [org/jetlinks/pro/device/service/FirmwareUpgradeTaskService.class]: Unsatisfied dependency expressed through constructor parameter 0: Error creating bean with name 'localDeviceInstanceService' defined in class path resource [org/jetlinks/pro/device/service/LocalDeviceInstanceService.class]: Unsatisfied dependency expressed through constructor parameter 1: Error creating bean with name 'localDeviceProductService' defined in class path resource [org/jetlinks/pro/device/service/LocalDeviceProductService.class]: Unsatisfied dependency expressed through constructor parameter 3: Error creating bean with name 'elasticSearchTimeSeriesManager' defined in class path resource [org/jetlinks/pro/elastic/search/configuration/ElasticSearchConfiguration.class]: Unsatisfied dependency expressed through method 'elasticSearchTimeSeriesManager' parameter 0: Error creating bean with name 'elasticSearchIndexManager' defined in class path resource [org/jetlinks/pro/elastic/search/configuration/ElasticSearchConfiguration.class]: Failed to instantiate [org.jetlinks.pro.elastic.search.index.DefaultElasticSearchIndexManager]: Factory method 'elasticSearchIndexManager' threw exception with message: java.net.ConnectException: Connection refused
	...66 frames excluded
	at org.jetlinks.pro.Application.main(Application.java:29)
Caused by: org.springframework.beans.factory.UnsatisfiedDependencyException: Error creating bean with name 'notifyConfigService' defined in class path resource [org/jetlinks/pro/notify/manager/service/NotifyConfigService.class]: Unsatisfied dependency expressed through constructor parameter 0: Error creating bean with name 'dataReferenceManager' defined in class path resource [org/jetlinks/pro/configuration/CommonConfiguration.class]: Failed to instantiate [org.jetlinks.pro.reference.DataReferenceManager]: Factory method 'dataReferenceManager' threw exception with message: Error creating bean with name 'defaultDataReferenceManager' defined in class path resource [org/jetlinks/pro/configuration/CommonConfiguration.class]: Failed to instantiate [org.jetlinks.pro.reference.DefaultDataReferenceManager]: Factory method 'defaultDataReferenceManager' threw exception with message: Error creating bean with name 'firmwareDataReferenceProvider' defined in class path resource [org/jetlinks/pro/device/service/FirmwareDataReferenceProvider.class]: Unsatisfied dependency expressed through constructor parameter 0: Error creating bean with name 'firmwareUpgradeTaskService' defined in class path resource [org/jetlinks/pro/device/service/FirmwareUpgradeTaskService.class]: Unsatisfied dependency expressed through constructor parameter 0: Error creating bean with name 'localDeviceInstanceService' defined in class path resource [org/jetlinks/pro/device/service/LocalDeviceInstanceService.class]: Unsatisfied dependency expressed through constructor parameter 1: Error creating bean with name 'localDeviceProductService' defined in class path resource [org/jetlinks/pro/device/service/LocalDeviceProductService.class]: Unsatisfied dependency expressed through constructor parameter 3: Error creating bean with name 'elasticSearchTimeSeriesManager' defined in class path resource [org/jetlinks/pro/elastic/search/configuration/ElasticSearchConfiguration.class]: Unsatisfied dependency expressed through method 'elasticSearchTimeSeriesManager' parameter 0: Error creating bean with name 'elasticSearchIndexManager' defined in class path resource [org/jetlinks/pro/elastic/search/configuration/ElasticSearchConfiguration.class]: Failed to instantiate [org.jetlinks.pro.elastic.search.index.DefaultElasticSearchIndexManager]: Factory method 'elasticSearchIndexManager' threw exception with message: java.net.ConnectException: Connection refused
	...80 frames excluded
	at org.jetlinks.pro.Application.main(Application.java:29)
Caused by: org.springframework.beans.factory.BeanCreationException: Error creating bean with name 'dataReferenceManager' defined in class path resource [org/jetlinks/pro/configuration/CommonConfiguration.class]: Failed to instantiate [org.jetlinks.pro.reference.DataReferenceManager]: Factory method 'dataReferenceManager' threw exception with message: Error creating bean with name 'defaultDataReferenceManager' defined in class path resource [org/jetlinks/pro/configuration/CommonConfiguration.class]: Failed to instantiate [org.jetlinks.pro.reference.DefaultDataReferenceManager]: Factory method 'defaultDataReferenceManager' threw exception with message: Error creating bean with name 'firmwareDataReferenceProvider' defined in class path resource [org/jetlinks/pro/device/service/FirmwareDataReferenceProvider.class]: Unsatisfied dependency expressed through constructor parameter 0: Error creating bean with name 'firmwareUpgradeTaskService' defined in class path resource [org/jetlinks/pro/device/service/FirmwareUpgradeTaskService.class]: Unsatisfied dependency expressed through constructor parameter 0: Error creating bean with name 'localDeviceInstanceService' defined in class path resource [org/jetlinks/pro/device/service/LocalDeviceInstanceService.class]: Unsatisfied dependency expressed through constructor parameter 1: Error creating bean with name 'localDeviceProductService' defined in class path resource [org/jetlinks/pro/device/service/LocalDeviceProductService.class]: Unsatisfied dependency expressed through constructor parameter 3: Error creating bean with name 'elasticSearchTimeSeriesManager' defined in class path resource [org/jetlinks/pro/elastic/search/configuration/ElasticSearchConfiguration.class]: Unsatisfied dependency expressed through method 'elasticSearchTimeSeriesManager' parameter 0: Error creating bean with name 'elasticSearchIndexManager' defined in class path resource [org/jetlinks/pro/elastic/search/configuration/ElasticSearchConfiguration.class]: Failed to instantiate [org.jetlinks.pro.elastic.search.index.DefaultElasticSearchIndexManager]: Factory method 'elasticSearchIndexManager' threw exception with message: java.net.ConnectException: Connection refused
	...94 frames excluded
	at org.jetlinks.pro.Application.main(Application.java:29)
Caused by: org.springframework.beans.BeanInstantiationException: Failed to instantiate [org.jetlinks.pro.reference.DataReferenceManager]: Factory method 'dataReferenceManager' threw exception with message: Error creating bean with name 'defaultDataReferenceManager' defined in class path resource [org/jetlinks/pro/configuration/CommonConfiguration.class]: Failed to instantiate [org.jetlinks.pro.reference.DefaultDataReferenceManager]: Factory method 'defaultDataReferenceManager' threw exception with message: Error creating bean with name 'firmwareDataReferenceProvider' defined in class path resource [org/jetlinks/pro/device/service/FirmwareDataReferenceProvider.class]: Unsatisfied dependency expressed through constructor parameter 0: Error creating bean with name 'firmwareUpgradeTaskService' defined in class path resource [org/jetlinks/pro/device/service/FirmwareUpgradeTaskService.class]: Unsatisfied dependency expressed through constructor parameter 0: Error creating bean with name 'localDeviceInstanceService' defined in class path resource [org/jetlinks/pro/device/service/LocalDeviceInstanceService.class]: Unsatisfied dependency expressed through constructor parameter 1: Error creating bean with name 'localDeviceProductService' defined in class path resource [org/jetlinks/pro/device/service/LocalDeviceProductService.class]: Unsatisfied dependency expressed through constructor parameter 3: Error creating bean with name 'elasticSearchTimeSeriesManager' defined in class path resource [org/jetlinks/pro/elastic/search/configuration/ElasticSearchConfiguration.class]: Unsatisfied dependency expressed through method 'elasticSearchTimeSeriesManager' parameter 0: Error creating bean with name 'elasticSearchIndexManager' defined in class path resource [org/jetlinks/pro/elastic/search/configuration/ElasticSearchConfiguration.class]: Failed to instantiate [org.jetlinks.pro.elastic.search.index.DefaultElasticSearchIndexManager]: Factory method 'elasticSearchIndexManager' threw exception with message: java.net.ConnectException: Connection refused
	...97 frames excluded
	at org.jetlinks.pro.Application.main(Application.java:29)
Caused by: org.springframework.beans.factory.BeanCreationException: Error creating bean with name 'defaultDataReferenceManager' defined in class path resource [org/jetlinks/pro/configuration/CommonConfiguration.class]: Failed to instantiate [org.jetlinks.pro.reference.DefaultDataReferenceManager]: Factory method 'defaultDataReferenceManager' threw exception with message: Error creating bean with name 'firmwareDataReferenceProvider' defined in class path resource [org/jetlinks/pro/device/service/FirmwareDataReferenceProvider.class]: Unsatisfied dependency expressed through constructor parameter 0: Error creating bean with name 'firmwareUpgradeTaskService' defined in class path resource [org/jetlinks/pro/device/service/FirmwareUpgradeTaskService.class]: Unsatisfied dependency expressed through constructor parameter 0: Error creating bean with name 'localDeviceInstanceService' defined in class path resource [org/jetlinks/pro/device/service/LocalDeviceInstanceService.class]: Unsatisfied dependency expressed through constructor parameter 1: Error creating bean with name 'localDeviceProductService' defined in class path resource [org/jetlinks/pro/device/service/LocalDeviceProductService.class]: Unsatisfied dependency expressed through constructor parameter 3: Error creating bean with name 'elasticSearchTimeSeriesManager' defined in class path resource [org/jetlinks/pro/elastic/search/configuration/ElasticSearchConfiguration.class]: Unsatisfied dependency expressed through method 'elasticSearchTimeSeriesManager' parameter 0: Error creating bean with name 'elasticSearchIndexManager' defined in class path resource [org/jetlinks/pro/elastic/search/configuration/ElasticSearchConfiguration.class]: Failed to instantiate [org.jetlinks.pro.elastic.search.index.DefaultElasticSearchIndexManager]: Factory method 'elasticSearchIndexManager' threw exception with message: java.net.ConnectException: Connection refused
	...12 frames excluded
	at java.base/java.util.stream.ReferencePipeline$3$1.accept(ReferencePipeline.java:197)
	at java.base/java.util.Spliterators$IteratorSpliterator.tryAdvance(Spliterators.java:1950)
	at java.base/java.util.stream.StreamSpliterators$WrappingSpliterator.lambda$initPartialTraversalState$0(StreamSpliterators.java:292)
	at java.base/java.util.stream.StreamSpliterators$AbstractWrappingSpliterator.fillBuffer(StreamSpliterators.java:206)
	at java.base/java.util.stream.StreamSpliterators$AbstractWrappingSpliterator.doAdvance(StreamSpliterators.java:169)
	at java.base/java.util.stream.StreamSpliterators$WrappingSpliterator.tryAdvance(StreamSpliterators.java:298)
	at java.base/java.util.Spliterators$1Adapter.hasNext(Spliterators.java:681)
	at java.base/java.lang.Iterable.forEach(Iterable.java:74)
	at org.jetlinks.pro.configuration.CommonConfiguration.dataReferenceManager(CommonConfiguration.java:588)
	at java.base/jdk.internal.reflect.DirectMethodHandleAccessor.invoke(DirectMethodHandleAccessor.java:103)
	...98 frames excluded
	at org.jetlinks.pro.Application.main(Application.java:29)
Caused by: org.springframework.beans.BeanInstantiationException: Failed to instantiate [org.jetlinks.pro.reference.DefaultDataReferenceManager]: Factory method 'defaultDataReferenceManager' threw exception with message: Error creating bean with name 'firmwareDataReferenceProvider' defined in class path resource [org/jetlinks/pro/device/service/FirmwareDataReferenceProvider.class]: Unsatisfied dependency expressed through constructor parameter 0: Error creating bean with name 'firmwareUpgradeTaskService' defined in class path resource [org/jetlinks/pro/device/service/FirmwareUpgradeTaskService.class]: Unsatisfied dependency expressed through constructor parameter 0: Error creating bean with name 'localDeviceInstanceService' defined in class path resource [org/jetlinks/pro/device/service/LocalDeviceInstanceService.class]: Unsatisfied dependency expressed through constructor parameter 1: Error creating bean with name 'localDeviceProductService' defined in class path resource [org/jetlinks/pro/device/service/LocalDeviceProductService.class]: Unsatisfied dependency expressed through constructor parameter 3: Error creating bean with name 'elasticSearchTimeSeriesManager' defined in class path resource [org/jetlinks/pro/elastic/search/configuration/ElasticSearchConfiguration.class]: Unsatisfied dependency expressed through method 'elasticSearchTimeSeriesManager' parameter 0: Error creating bean with name 'elasticSearchIndexManager' defined in class path resource [org/jetlinks/pro/elastic/search/configuration/ElasticSearchConfiguration.class]: Failed to instantiate [org.jetlinks.pro.elastic.search.index.DefaultElasticSearchIndexManager]: Factory method 'elasticSearchIndexManager' threw exception with message: java.net.ConnectException: Connection refused
	...15 frames excluded
	at java.base/java.util.stream.ReferencePipeline$3$1.accept(ReferencePipeline.java:197)
	at java.base/java.util.Spliterators$IteratorSpliterator.tryAdvance(Spliterators.java:1950)
	at java.base/java.util.stream.StreamSpliterators$WrappingSpliterator.lambda$initPartialTraversalState$0(StreamSpliterators.java:292)
	at java.base/java.util.stream.StreamSpliterators$AbstractWrappingSpliterator.fillBuffer(StreamSpliterators.java:206)
	at java.base/java.util.stream.StreamSpliterators$AbstractWrappingSpliterator.doAdvance(StreamSpliterators.java:169)
	at java.base/java.util.stream.StreamSpliterators$WrappingSpliterator.tryAdvance(StreamSpliterators.java:298)
	at java.base/java.util.Spliterators$1Adapter.hasNext(Spliterators.java:681)
	at java.base/java.lang.Iterable.forEach(Iterable.java:74)
	at org.jetlinks.pro.configuration.CommonConfiguration.dataReferenceManager(CommonConfiguration.java:588)
	at java.base/jdk.internal.reflect.DirectMethodHandleAccessor.invoke(DirectMethodHandleAccessor.java:103)
	...98 frames excluded
	at org.jetlinks.pro.Application.main(Application.java:29)
Caused by: org.springframework.beans.factory.UnsatisfiedDependencyException: Error creating bean with name 'firmwareDataReferenceProvider' defined in class path resource [org/jetlinks/pro/device/service/FirmwareDataReferenceProvider.class]: Unsatisfied dependency expressed through constructor parameter 0: Error creating bean with name 'firmwareUpgradeTaskService' defined in class path resource [org/jetlinks/pro/device/service/FirmwareUpgradeTaskService.class]: Unsatisfied dependency expressed through constructor parameter 0: Error creating bean with name 'localDeviceInstanceService' defined in class path resource [org/jetlinks/pro/device/service/LocalDeviceInstanceService.class]: Unsatisfied dependency expressed through constructor parameter 1: Error creating bean with name 'localDeviceProductService' defined in class path resource [org/jetlinks/pro/device/service/LocalDeviceProductService.class]: Unsatisfied dependency expressed through constructor parameter 3: Error creating bean with name 'elasticSearchTimeSeriesManager' defined in class path resource [org/jetlinks/pro/elastic/search/configuration/ElasticSearchConfiguration.class]: Unsatisfied dependency expressed through method 'elasticSearchTimeSeriesManager' parameter 0: Error creating bean with name 'elasticSearchIndexManager' defined in class path resource [org/jetlinks/pro/elastic/search/configuration/ElasticSearchConfiguration.class]: Failed to instantiate [org.jetlinks.pro.elastic.search.index.DefaultElasticSearchIndexManager]: Factory method 'elasticSearchIndexManager' threw exception with message: java.net.ConnectException: Connection refused
	...12 frames excluded
	at java.base/java.util.stream.ReferencePipeline$3$1.accept(ReferencePipeline.java:197)
	at java.base/java.util.Spliterators$IteratorSpliterator.tryAdvance(Spliterators.java:1950)
	at java.base/java.util.stream.StreamSpliterators$WrappingSpliterator.lambda$initPartialTraversalState$0(StreamSpliterators.java:292)
	at java.base/java.util.stream.StreamSpliterators$AbstractWrappingSpliterator.fillBuffer(StreamSpliterators.java:206)
	at java.base/java.util.stream.StreamSpliterators$AbstractWrappingSpliterator.doAdvance(StreamSpliterators.java:169)
	at java.base/java.util.stream.StreamSpliterators$WrappingSpliterator.tryAdvance(StreamSpliterators.java:298)
	at java.base/java.util.Spliterators$1Adapter.hasNext(Spliterators.java:681)
	at java.base/java.lang.Iterable.forEach(Iterable.java:74)
	at org.jetlinks.pro.configuration.CommonConfiguration.defaultDataReferenceManager(CommonConfiguration.java:595)
	at java.base/jdk.internal.reflect.DirectMethodHandleAccessor.invoke(DirectMethodHandleAccessor.java:103)
	...16 frames excluded
	at java.base/java.util.stream.ReferencePipeline$3$1.accept(ReferencePipeline.java:197)
	at java.base/java.util.Spliterators$IteratorSpliterator.tryAdvance(Spliterators.java:1950)
	at java.base/java.util.stream.StreamSpliterators$WrappingSpliterator.lambda$initPartialTraversalState$0(StreamSpliterators.java:292)
	at java.base/java.util.stream.StreamSpliterators$AbstractWrappingSpliterator.fillBuffer(StreamSpliterators.java:206)
	at java.base/java.util.stream.StreamSpliterators$AbstractWrappingSpliterator.doAdvance(StreamSpliterators.java:169)
	at java.base/java.util.stream.StreamSpliterators$WrappingSpliterator.tryAdvance(StreamSpliterators.java:298)
	at java.base/java.util.Spliterators$1Adapter.hasNext(Spliterators.java:681)
	at java.base/java.lang.Iterable.forEach(Iterable.java:74)
	at org.jetlinks.pro.configuration.CommonConfiguration.dataReferenceManager(CommonConfiguration.java:588)
	at java.base/jdk.internal.reflect.DirectMethodHandleAccessor.invoke(DirectMethodHandleAccessor.java:103)
	...98 frames excluded
	at org.jetlinks.pro.Application.main(Application.java:29)
Caused by: org.springframework.beans.factory.UnsatisfiedDependencyException: Error creating bean with name 'firmwareUpgradeTaskService' defined in class path resource [org/jetlinks/pro/device/service/FirmwareUpgradeTaskService.class]: Unsatisfied dependency expressed through constructor parameter 0: Error creating bean with name 'localDeviceInstanceService' defined in class path resource [org/jetlinks/pro/device/service/LocalDeviceInstanceService.class]: Unsatisfied dependency expressed through constructor parameter 1: Error creating bean with name 'localDeviceProductService' defined in class path resource [org/jetlinks/pro/device/service/LocalDeviceProductService.class]: Unsatisfied dependency expressed through constructor parameter 3: Error creating bean with name 'elasticSearchTimeSeriesManager' defined in class path resource [org/jetlinks/pro/elastic/search/configuration/ElasticSearchConfiguration.class]: Unsatisfied dependency expressed through method 'elasticSearchTimeSeriesManager' parameter 0: Error creating bean with name 'elasticSearchIndexManager' defined in class path resource [org/jetlinks/pro/elastic/search/configuration/ElasticSearchConfiguration.class]: Failed to instantiate [org.jetlinks.pro.elastic.search.index.DefaultElasticSearchIndexManager]: Factory method 'elasticSearchIndexManager' threw exception with message: java.net.ConnectException: Connection refused
	...26 frames excluded
	at java.base/java.util.stream.ReferencePipeline$3$1.accept(ReferencePipeline.java:197)
	at java.base/java.util.Spliterators$IteratorSpliterator.tryAdvance(Spliterators.java:1950)
	at java.base/java.util.stream.StreamSpliterators$WrappingSpliterator.lambda$initPartialTraversalState$0(StreamSpliterators.java:292)
	at java.base/java.util.stream.StreamSpliterators$AbstractWrappingSpliterator.fillBuffer(StreamSpliterators.java:206)
	at java.base/java.util.stream.StreamSpliterators$AbstractWrappingSpliterator.doAdvance(StreamSpliterators.java:169)
	at java.base/java.util.stream.StreamSpliterators$WrappingSpliterator.tryAdvance(StreamSpliterators.java:298)
	at java.base/java.util.Spliterators$1Adapter.hasNext(Spliterators.java:681)
	at java.base/java.lang.Iterable.forEach(Iterable.java:74)
	at org.jetlinks.pro.configuration.CommonConfiguration.defaultDataReferenceManager(CommonConfiguration.java:595)
	at java.base/jdk.internal.reflect.DirectMethodHandleAccessor.invoke(DirectMethodHandleAccessor.java:103)
	...16 frames excluded
	at java.base/java.util.stream.ReferencePipeline$3$1.accept(ReferencePipeline.java:197)
	at java.base/java.util.Spliterators$IteratorSpliterator.tryAdvance(Spliterators.java:1950)
	at java.base/java.util.stream.StreamSpliterators$WrappingSpliterator.lambda$initPartialTraversalState$0(StreamSpliterators.java:292)
	at java.base/java.util.stream.StreamSpliterators$AbstractWrappingSpliterator.fillBuffer(StreamSpliterators.java:206)
	at java.base/java.util.stream.StreamSpliterators$AbstractWrappingSpliterator.doAdvance(StreamSpliterators.java:169)
	at java.base/java.util.stream.StreamSpliterators$WrappingSpliterator.tryAdvance(StreamSpliterators.java:298)
	at java.base/java.util.Spliterators$1Adapter.hasNext(Spliterators.java:681)
	at java.base/java.lang.Iterable.forEach(Iterable.java:74)
	at org.jetlinks.pro.configuration.CommonConfiguration.dataReferenceManager(CommonConfiguration.java:588)
	at java.base/jdk.internal.reflect.DirectMethodHandleAccessor.invoke(DirectMethodHandleAccessor.java:103)
	...98 frames excluded
	at org.jetlinks.pro.Application.main(Application.java:29)
Caused by: org.springframework.beans.factory.UnsatisfiedDependencyException: Error creating bean with name 'localDeviceInstanceService' defined in class path resource [org/jetlinks/pro/device/service/LocalDeviceInstanceService.class]: Unsatisfied dependency expressed through constructor parameter 1: Error creating bean with name 'localDeviceProductService' defined in class path resource [org/jetlinks/pro/device/service/LocalDeviceProductService.class]: Unsatisfied dependency expressed through constructor parameter 3: Error creating bean with name 'elasticSearchTimeSeriesManager' defined in class path resource [org/jetlinks/pro/elastic/search/configuration/ElasticSearchConfiguration.class]: Unsatisfied dependency expressed through method 'elasticSearchTimeSeriesManager' parameter 0: Error creating bean with name 'elasticSearchIndexManager' defined in class path resource [org/jetlinks/pro/elastic/search/configuration/ElasticSearchConfiguration.class]: Failed to instantiate [org.jetlinks.pro.elastic.search.index.DefaultElasticSearchIndexManager]: Factory method 'elasticSearchIndexManager' threw exception with message: java.net.ConnectException: Connection refused
	...40 frames excluded
	at java.base/java.util.stream.ReferencePipeline$3$1.accept(ReferencePipeline.java:197)
	at java.base/java.util.Spliterators$IteratorSpliterator.tryAdvance(Spliterators.java:1950)
	at java.base/java.util.stream.StreamSpliterators$WrappingSpliterator.lambda$initPartialTraversalState$0(StreamSpliterators.java:292)
	at java.base/java.util.stream.StreamSpliterators$AbstractWrappingSpliterator.fillBuffer(StreamSpliterators.java:206)
	at java.base/java.util.stream.StreamSpliterators$AbstractWrappingSpliterator.doAdvance(StreamSpliterators.java:169)
	at java.base/java.util.stream.StreamSpliterators$WrappingSpliterator.tryAdvance(StreamSpliterators.java:298)
	at java.base/java.util.Spliterators$1Adapter.hasNext(Spliterators.java:681)
	at java.base/java.lang.Iterable.forEach(Iterable.java:74)
	at org.jetlinks.pro.configuration.CommonConfiguration.defaultDataReferenceManager(CommonConfiguration.java:595)
	at java.base/jdk.internal.reflect.DirectMethodHandleAccessor.invoke(DirectMethodHandleAccessor.java:103)
	...16 frames excluded
	at java.base/java.util.stream.ReferencePipeline$3$1.accept(ReferencePipeline.java:197)
	at java.base/java.util.Spliterators$IteratorSpliterator.tryAdvance(Spliterators.java:1950)
	at java.base/java.util.stream.StreamSpliterators$WrappingSpliterator.lambda$initPartialTraversalState$0(StreamSpliterators.java:292)
	at java.base/java.util.stream.StreamSpliterators$AbstractWrappingSpliterator.fillBuffer(StreamSpliterators.java:206)
	at java.base/java.util.stream.StreamSpliterators$AbstractWrappingSpliterator.doAdvance(StreamSpliterators.java:169)
	at java.base/java.util.stream.StreamSpliterators$WrappingSpliterator.tryAdvance(StreamSpliterators.java:298)
	at java.base/java.util.Spliterators$1Adapter.hasNext(Spliterators.java:681)
	at java.base/java.lang.Iterable.forEach(Iterable.java:74)
	at org.jetlinks.pro.configuration.CommonConfiguration.dataReferenceManager(CommonConfiguration.java:588)
	at java.base/jdk.internal.reflect.DirectMethodHandleAccessor.invoke(DirectMethodHandleAccessor.java:103)
	...98 frames excluded
	at org.jetlinks.pro.Application.main(Application.java:29)
Caused by: org.springframework.beans.factory.UnsatisfiedDependencyException: Error creating bean with name 'localDeviceProductService' defined in class path resource [org/jetlinks/pro/device/service/LocalDeviceProductService.class]: Unsatisfied dependency expressed through constructor parameter 3: Error creating bean with name 'elasticSearchTimeSeriesManager' defined in class path resource [org/jetlinks/pro/elastic/search/configuration/ElasticSearchConfiguration.class]: Unsatisfied dependency expressed through method 'elasticSearchTimeSeriesManager' parameter 0: Error creating bean with name 'elasticSearchIndexManager' defined in class path resource [org/jetlinks/pro/elastic/search/configuration/ElasticSearchConfiguration.class]: Failed to instantiate [org.jetlinks.pro.elastic.search.index.DefaultElasticSearchIndexManager]: Factory method 'elasticSearchIndexManager' threw exception with message: java.net.ConnectException: Connection refused
	...54 frames excluded
	at java.base/java.util.stream.ReferencePipeline$3$1.accept(ReferencePipeline.java:197)
	at java.base/java.util.Spliterators$IteratorSpliterator.tryAdvance(Spliterators.java:1950)
	at java.base/java.util.stream.StreamSpliterators$WrappingSpliterator.lambda$initPartialTraversalState$0(StreamSpliterators.java:292)
	at java.base/java.util.stream.StreamSpliterators$AbstractWrappingSpliterator.fillBuffer(StreamSpliterators.java:206)
	at java.base/java.util.stream.StreamSpliterators$AbstractWrappingSpliterator.doAdvance(StreamSpliterators.java:169)
	at java.base/java.util.stream.StreamSpliterators$WrappingSpliterator.tryAdvance(StreamSpliterators.java:298)
	at java.base/java.util.Spliterators$1Adapter.hasNext(Spliterators.java:681)
	at java.base/java.lang.Iterable.forEach(Iterable.java:74)
	at org.jetlinks.pro.configuration.CommonConfiguration.defaultDataReferenceManager(CommonConfiguration.java:595)
	at java.base/jdk.internal.reflect.DirectMethodHandleAccessor.invoke(DirectMethodHandleAccessor.java:103)
	...16 frames excluded
	at java.base/java.util.stream.ReferencePipeline$3$1.accept(ReferencePipeline.java:197)
	at java.base/java.util.Spliterators$IteratorSpliterator.tryAdvance(Spliterators.java:1950)
	at java.base/java.util.stream.StreamSpliterators$WrappingSpliterator.lambda$initPartialTraversalState$0(StreamSpliterators.java:292)
	at java.base/java.util.stream.StreamSpliterators$AbstractWrappingSpliterator.fillBuffer(StreamSpliterators.java:206)
	at java.base/java.util.stream.StreamSpliterators$AbstractWrappingSpliterator.doAdvance(StreamSpliterators.java:169)
	at java.base/java.util.stream.StreamSpliterators$WrappingSpliterator.tryAdvance(StreamSpliterators.java:298)
	at java.base/java.util.Spliterators$1Adapter.hasNext(Spliterators.java:681)
	at java.base/java.lang.Iterable.forEach(Iterable.java:74)
	at org.jetlinks.pro.configuration.CommonConfiguration.dataReferenceManager(CommonConfiguration.java:588)
	at java.base/jdk.internal.reflect.DirectMethodHandleAccessor.invoke(DirectMethodHandleAccessor.java:103)
	...98 frames excluded
	at org.jetlinks.pro.Application.main(Application.java:29)
Caused by: org.springframework.beans.factory.UnsatisfiedDependencyException: Error creating bean with name 'elasticSearchTimeSeriesManager' defined in class path resource [org/jetlinks/pro/elastic/search/configuration/ElasticSearchConfiguration.class]: Unsatisfied dependency expressed through method 'elasticSearchTimeSeriesManager' parameter 0: Error creating bean with name 'elasticSearchIndexManager' defined in class path resource [org/jetlinks/pro/elastic/search/configuration/ElasticSearchConfiguration.class]: Failed to instantiate [org.jetlinks.pro.elastic.search.index.DefaultElasticSearchIndexManager]: Factory method 'elasticSearchIndexManager' threw exception with message: java.net.ConnectException: Connection refused
	...68 frames excluded
	at java.base/java.util.stream.ReferencePipeline$3$1.accept(ReferencePipeline.java:197)
	at java.base/java.util.Spliterators$IteratorSpliterator.tryAdvance(Spliterators.java:1950)
	at java.base/java.util.stream.StreamSpliterators$WrappingSpliterator.lambda$initPartialTraversalState$0(StreamSpliterators.java:292)
	at java.base/java.util.stream.StreamSpliterators$AbstractWrappingSpliterator.fillBuffer(StreamSpliterators.java:206)
	at java.base/java.util.stream.StreamSpliterators$AbstractWrappingSpliterator.doAdvance(StreamSpliterators.java:169)
	at java.base/java.util.stream.StreamSpliterators$WrappingSpliterator.tryAdvance(StreamSpliterators.java:298)
	at java.base/java.util.Spliterators$1Adapter.hasNext(Spliterators.java:681)
	at java.base/java.lang.Iterable.forEach(Iterable.java:74)
	at org.jetlinks.pro.configuration.CommonConfiguration.defaultDataReferenceManager(CommonConfiguration.java:595)
	at java.base/jdk.internal.reflect.DirectMethodHandleAccessor.invoke(DirectMethodHandleAccessor.java:103)
	...16 frames excluded
	at java.base/java.util.stream.ReferencePipeline$3$1.accept(ReferencePipeline.java:197)
	at java.base/java.util.Spliterators$IteratorSpliterator.tryAdvance(Spliterators.java:1950)
	at java.base/java.util.stream.StreamSpliterators$WrappingSpliterator.lambda$initPartialTraversalState$0(StreamSpliterators.java:292)
	at java.base/java.util.stream.StreamSpliterators$AbstractWrappingSpliterator.fillBuffer(StreamSpliterators.java:206)
	at java.base/java.util.stream.StreamSpliterators$AbstractWrappingSpliterator.doAdvance(StreamSpliterators.java:169)
	at java.base/java.util.stream.StreamSpliterators$WrappingSpliterator.tryAdvance(StreamSpliterators.java:298)
	at java.base/java.util.Spliterators$1Adapter.hasNext(Spliterators.java:681)
	at java.base/java.lang.Iterable.forEach(Iterable.java:74)
	at org.jetlinks.pro.configuration.CommonConfiguration.dataReferenceManager(CommonConfiguration.java:588)
	at java.base/jdk.internal.reflect.DirectMethodHandleAccessor.invoke(DirectMethodHandleAccessor.java:103)
	...98 frames excluded
	at org.jetlinks.pro.Application.main(Application.java:29)
Caused by: org.springframework.beans.factory.BeanCreationException: Error creating bean with name 'elasticSearchIndexManager' defined in class path resource [org/jetlinks/pro/elastic/search/configuration/ElasticSearchConfiguration.class]: Failed to instantiate [org.jetlinks.pro.elastic.search.index.DefaultElasticSearchIndexManager]: Factory method 'elasticSearchIndexManager' threw exception with message: java.net.ConnectException: Connection refused
	...82 frames excluded
	at java.base/java.util.stream.ReferencePipeline$3$1.accept(ReferencePipeline.java:197)
	at java.base/java.util.Spliterators$IteratorSpliterator.tryAdvance(Spliterators.java:1950)
	at java.base/java.util.stream.StreamSpliterators$WrappingSpliterator.lambda$initPartialTraversalState$0(StreamSpliterators.java:292)
	at java.base/java.util.stream.StreamSpliterators$AbstractWrappingSpliterator.fillBuffer(StreamSpliterators.java:206)
	at java.base/java.util.stream.StreamSpliterators$AbstractWrappingSpliterator.doAdvance(StreamSpliterators.java:169)
	at java.base/java.util.stream.StreamSpliterators$WrappingSpliterator.tryAdvance(StreamSpliterators.java:298)
	at java.base/java.util.Spliterators$1Adapter.hasNext(Spliterators.java:681)
	at java.base/java.lang.Iterable.forEach(Iterable.java:74)
	at org.jetlinks.pro.configuration.CommonConfiguration.defaultDataReferenceManager(CommonConfiguration.java:595)
	at java.base/jdk.internal.reflect.DirectMethodHandleAccessor.invoke(DirectMethodHandleAccessor.java:103)
	...16 frames excluded
	at java.base/java.util.stream.ReferencePipeline$3$1.accept(ReferencePipeline.java:197)
	at java.base/java.util.Spliterators$IteratorSpliterator.tryAdvance(Spliterators.java:1950)
	at java.base/java.util.stream.StreamSpliterators$WrappingSpliterator.lambda$initPartialTraversalState$0(StreamSpliterators.java:292)
	at java.base/java.util.stream.StreamSpliterators$AbstractWrappingSpliterator.fillBuffer(StreamSpliterators.java:206)
	at java.base/java.util.stream.StreamSpliterators$AbstractWrappingSpliterator.doAdvance(StreamSpliterators.java:169)
	at java.base/java.util.stream.StreamSpliterators$WrappingSpliterator.tryAdvance(StreamSpliterators.java:298)
	at java.base/java.util.Spliterators$1Adapter.hasNext(Spliterators.java:681)
	at java.base/java.lang.Iterable.forEach(Iterable.java:74)
	at org.jetlinks.pro.configuration.CommonConfiguration.dataReferenceManager(CommonConfiguration.java:588)
	at java.base/jdk.internal.reflect.DirectMethodHandleAccessor.invoke(DirectMethodHandleAccessor.java:103)
	...98 frames excluded
	at org.jetlinks.pro.Application.main(Application.java:29)
Caused by: org.springframework.beans.BeanInstantiationException: Failed to instantiate [org.jetlinks.pro.elastic.search.index.DefaultElasticSearchIndexManager]: Factory method 'elasticSearchIndexManager' threw exception with message: java.net.ConnectException: Connection refused
	...85 frames excluded
	at java.base/java.util.stream.ReferencePipeline$3$1.accept(ReferencePipeline.java:197)
	at java.base/java.util.Spliterators$IteratorSpliterator.tryAdvance(Spliterators.java:1950)
	at java.base/java.util.stream.StreamSpliterators$WrappingSpliterator.lambda$initPartialTraversalState$0(StreamSpliterators.java:292)
	at java.base/java.util.stream.StreamSpliterators$AbstractWrappingSpliterator.fillBuffer(StreamSpliterators.java:206)
	at java.base/java.util.stream.StreamSpliterators$AbstractWrappingSpliterator.doAdvance(StreamSpliterators.java:169)
	at java.base/java.util.stream.StreamSpliterators$WrappingSpliterator.tryAdvance(StreamSpliterators.java:298)
	at java.base/java.util.Spliterators$1Adapter.hasNext(Spliterators.java:681)
	at java.base/java.lang.Iterable.forEach(Iterable.java:74)
	at org.jetlinks.pro.configuration.CommonConfiguration.defaultDataReferenceManager(CommonConfiguration.java:595)
	at java.base/jdk.internal.reflect.DirectMethodHandleAccessor.invoke(DirectMethodHandleAccessor.java:103)
	...16 frames excluded
	at java.base/java.util.stream.ReferencePipeline$3$1.accept(ReferencePipeline.java:197)
	at java.base/java.util.Spliterators$IteratorSpliterator.tryAdvance(Spliterators.java:1950)
	at java.base/java.util.stream.StreamSpliterators$WrappingSpliterator.lambda$initPartialTraversalState$0(StreamSpliterators.java:292)
	at java.base/java.util.stream.StreamSpliterators$AbstractWrappingSpliterator.fillBuffer(StreamSpliterators.java:206)
	at java.base/java.util.stream.StreamSpliterators$AbstractWrappingSpliterator.doAdvance(StreamSpliterators.java:169)
	at java.base/java.util.stream.StreamSpliterators$WrappingSpliterator.tryAdvance(StreamSpliterators.java:298)
	at java.base/java.util.Spliterators$1Adapter.hasNext(Spliterators.java:681)
	at java.base/java.lang.Iterable.forEach(Iterable.java:74)
	at org.jetlinks.pro.configuration.CommonConfiguration.dataReferenceManager(CommonConfiguration.java:588)
	at java.base/jdk.internal.reflect.DirectMethodHandleAccessor.invoke(DirectMethodHandleAccessor.java:103)
	...98 frames excluded
	at org.jetlinks.pro.Application.main(Application.java:29)
Caused by: reactor.core.Exceptions$ReactiveException: java.net.ConnectException: Connection refused
	at reactor.core.Exceptions.propagate(Exceptions.java:410)
	...2 frames excluded
	at org.jetlinks.pro.elastic.search.geo.GeoElasticSearchIndexCustomizer.custom(GeoElasticSearchIndexCustomizer.java:39)
	at org.jetlinks.pro.elastic.search.index.DefaultElasticSearchIndexManager.lambda$new$0(DefaultElasticSearchIndexManager.java:50)
	at java.base/java.util.ArrayList.forEach(ArrayList.java:1596)
	at org.jetlinks.pro.elastic.search.index.DefaultElasticSearchIndexManager.<init>(DefaultElasticSearchIndexManager.java:50)
	at org.jetlinks.pro.elastic.search.configuration.ElasticSearchConfiguration.elasticSearchIndexManager(ElasticSearchConfiguration.java:86)
	at java.base/jdk.internal.reflect.DirectMethodHandleAccessor.invoke(DirectMethodHandleAccessor.java:103)
	...86 frames excluded
	at java.base/java.util.stream.ReferencePipeline$3$1.accept(ReferencePipeline.java:197)
	at java.base/java.util.Spliterators$IteratorSpliterator.tryAdvance(Spliterators.java:1950)
	at java.base/java.util.stream.StreamSpliterators$WrappingSpliterator.lambda$initPartialTraversalState$0(StreamSpliterators.java:292)
	at java.base/java.util.stream.StreamSpliterators$AbstractWrappingSpliterator.fillBuffer(StreamSpliterators.java:206)
	at java.base/java.util.stream.StreamSpliterators$AbstractWrappingSpliterator.doAdvance(StreamSpliterators.java:169)
	at java.base/java.util.stream.StreamSpliterators$WrappingSpliterator.tryAdvance(StreamSpliterators.java:298)
	at java.base/java.util.Spliterators$1Adapter.hasNext(Spliterators.java:681)
	at java.base/java.lang.Iterable.forEach(Iterable.java:74)
	at org.jetlinks.pro.configuration.CommonConfiguration.defaultDataReferenceManager(CommonConfiguration.java:595)
	at java.base/jdk.internal.reflect.DirectMethodHandleAccessor.invoke(DirectMethodHandleAccessor.java:103)
	...16 frames excluded
	at java.base/java.util.stream.ReferencePipeline$3$1.accept(ReferencePipeline.java:197)
	at java.base/java.util.Spliterators$IteratorSpliterator.tryAdvance(Spliterators.java:1950)
	at java.base/java.util.stream.StreamSpliterators$WrappingSpliterator.lambda$initPartialTraversalState$0(StreamSpliterators.java:292)
	at java.base/java.util.stream.StreamSpliterators$AbstractWrappingSpliterator.fillBuffer(StreamSpliterators.java:206)
	at java.base/java.util.stream.StreamSpliterators$AbstractWrappingSpliterator.doAdvance(StreamSpliterators.java:169)
	at java.base/java.util.stream.StreamSpliterators$WrappingSpliterator.tryAdvance(StreamSpliterators.java:298)
	at java.base/java.util.Spliterators$1Adapter.hasNext(Spliterators.java:681)
	at java.base/java.lang.Iterable.forEach(Iterable.java:74)
	at org.jetlinks.pro.configuration.CommonConfiguration.dataReferenceManager(CommonConfiguration.java:588)
	at java.base/jdk.internal.reflect.DirectMethodHandleAccessor.invoke(DirectMethodHandleAccessor.java:103)
	...98 frames excluded
	at org.jetlinks.pro.Application.main(Application.java:29)
Suppressed: java.lang.Exception: #block terminated with an error
	...2 frames excluded
	at org.jetlinks.pro.elastic.search.geo.GeoElasticSearchIndexCustomizer.custom(GeoElasticSearchIndexCustomizer.java:39)
	at org.jetlinks.pro.elastic.search.index.DefaultElasticSearchIndexManager.lambda$new$0(DefaultElasticSearchIndexManager.java:50)
	at java.base/java.util.ArrayList.forEach(ArrayList.java:1596)
	at org.jetlinks.pro.elastic.search.index.DefaultElasticSearchIndexManager.<init>(DefaultElasticSearchIndexManager.java:50)
	at org.jetlinks.pro.elastic.search.configuration.ElasticSearchConfiguration.elasticSearchIndexManager(ElasticSearchConfiguration.java:86)
	at java.base/jdk.internal.reflect.DirectMethodHandleAccessor.invoke(DirectMethodHandleAccessor.java:103)
	...86 frames excluded
	at java.base/java.util.stream.ReferencePipeline$3$1.accept(ReferencePipeline.java:197)
	at java.base/java.util.Spliterators$IteratorSpliterator.tryAdvance(Spliterators.java:1950)
	at java.base/java.util.stream.StreamSpliterators$WrappingSpliterator.lambda$initPartialTraversalState$0(StreamSpliterators.java:292)
	at java.base/java.util.stream.StreamSpliterators$AbstractWrappingSpliterator.fillBuffer(StreamSpliterators.java:206)
	at java.base/java.util.stream.StreamSpliterators$AbstractWrappingSpliterator.doAdvance(StreamSpliterators.java:169)
	at java.base/java.util.stream.StreamSpliterators$WrappingSpliterator.tryAdvance(StreamSpliterators.java:298)
	at java.base/java.util.Spliterators$1Adapter.hasNext(Spliterators.java:681)
	at java.base/java.lang.Iterable.forEach(Iterable.java:74)
	at org.jetlinks.pro.configuration.CommonConfiguration.defaultDataReferenceManager(CommonConfiguration.java:595)
	at java.base/jdk.internal.reflect.DirectMethodHandleAccessor.invoke(DirectMethodHandleAccessor.java:103)
	...16 frames excluded
	at java.base/java.util.stream.ReferencePipeline$3$1.accept(ReferencePipeline.java:197)
	at java.base/java.util.Spliterators$IteratorSpliterator.tryAdvance(Spliterators.java:1950)
	at java.base/java.util.stream.StreamSpliterators$WrappingSpliterator.lambda$initPartialTraversalState$0(StreamSpliterators.java:292)
	at java.base/java.util.stream.StreamSpliterators$AbstractWrappingSpliterator.fillBuffer(StreamSpliterators.java:206)
	at java.base/java.util.stream.StreamSpliterators$AbstractWrappingSpliterator.doAdvance(StreamSpliterators.java:169)
	at java.base/java.util.stream.StreamSpliterators$WrappingSpliterator.tryAdvance(StreamSpliterators.java:298)
	at java.base/java.util.Spliterators$1Adapter.hasNext(Spliterators.java:681)
	at java.base/java.lang.Iterable.forEach(Iterable.java:74)
	at org.jetlinks.pro.configuration.CommonConfiguration.dataReferenceManager(CommonConfiguration.java:588)
	at java.base/jdk.internal.reflect.DirectMethodHandleAccessor.invoke(DirectMethodHandleAccessor.java:103)
	...98 frames excluded
	at org.jetlinks.pro.Application.main(Application.java:29)
Caused by: java.net.ConnectException: Connection refused
	at org.elasticsearch.client.RestClient.extractAndWrapCause(RestClient.java:932)
Suppressed: The stacktrace has been enhanced by Reactor, refer to additional information below: 
Assembly trace from producer [reactor.core.publisher.MonoSubscribeOnCallable] :
	reactor.core.publisher.Mono.subscribeOn
	org.jetlinks.pro.elastic.search.service.reactive.DefaultReactiveElasticsearchClient.execute(DefaultReactiveElasticsearchClient.java:65)
Error has been observed at the following site(s):
	*__Mono.subscribeOn ⇢ at org.jetlinks.pro.elastic.search.service.reactive.DefaultReactiveElasticsearchClient.execute(DefaultReactiveElasticsearchClient.java:65)
	|_                  ⇢ at org.jetlinks.pro.elastic.search.index.strategies.AbstractElasticSearchIndexStrategy.indexExists(AbstractElasticSearchIndexStrategy.java:50)
	|_     Mono.flatMap ⇢ at org.jetlinks.pro.elastic.search.index.strategies.AbstractElasticSearchIndexStrategy.doPutIndex(AbstractElasticSearchIndexStrategy.java:69)
	*___Mono.thenReturn ⇢ at org.jetlinks.pro.elastic.search.index.strategies.DirectElasticSearchIndexStrategy.putIndex(DirectElasticSearchIndexStrategy.java:30)
	|_                  ⇢ at org.jetlinks.pro.elastic.search.index.DefaultElasticSearchIndexManager.lambda$putIndex$1(DefaultElasticSearchIndexManager.java:62)
	*______Mono.flatMap ⇢ at org.jetlinks.pro.elastic.search.index.DefaultElasticSearchIndexManager.putIndex(DefaultElasticSearchIndexManager.java:62)
	|_    Mono.doOnNext ⇢ at org.jetlinks.pro.elastic.search.index.DefaultElasticSearchIndexManager.putIndex(DefaultElasticSearchIndexManager.java:63)
	|_        Mono.then ⇢ at org.jetlinks.pro.elastic.search.index.DefaultElasticSearchIndexManager.putIndex(DefaultElasticSearchIndexManager.java:64)
Original Stack Trace:
	at org.elasticsearch.client.RestClient.extractAndWrapCause(RestClient.java:932)
	at org.elasticsearch.client.RestClient.performRequest(RestClient.java:300)
	at org.elasticsearch.client.RestClient.performRequest(RestClient.java:288)
	at co.elastic.clients.transport.rest_client.RestClientHttpClient.performRequest(RestClientHttpClient.java:91)
	at co.elastic.clients.transport.ElasticsearchTransportBase.performRequest(ElasticsearchTransportBase.java:140)
	at co.elastic.clients.elasticsearch.indices.ElasticsearchIndicesClient.exists(ElasticsearchIndicesClient.java:598)
	at co.elastic.clients.elasticsearch.indices.ElasticsearchIndicesClient.exists(ElasticsearchIndicesClient.java:614)
	at org.jetlinks.pro.elastic.search.index.strategies.AbstractElasticSearchIndexStrategy.lambda$indexExists$1(AbstractElasticSearchIndexStrategy.java:53)
	at org.jetlinks.pro.elastic.search.service.reactive.DefaultReactiveElasticsearchClient.lambda$execute$1(DefaultReactiveElasticsearchClient.java:63)
	...10 frames excluded
Caused by: java.net.ConnectException: Connection refused
	at java.base/sun.nio.ch.Net.pollConnect(Native Method)
	at java.base/sun.nio.ch.Net.pollConnectNow(Net.java:682)
	at java.base/sun.nio.ch.SocketChannelImpl.finishConnect(SocketChannelImpl.java:973)
	at org.apache.http.impl.nio.reactor.DefaultConnectingIOReactor.processEvent(DefaultConnectingIOReactor.java:174)
	at org.apache.http.impl.nio.reactor.DefaultConnectingIOReactor.processEvents(DefaultConnectingIOReactor.java:148)
	at org.apache.http.impl.nio.reactor.AbstractMultiworkerIOReactor.execute(AbstractMultiworkerIOReactor.java:351)
	at org.apache.http.impl.nio.conn.PoolingNHttpClientConnectionManager.execute(PoolingNHttpClientConnectionManager.java:221)
	at org.apache.http.impl.nio.client.CloseableHttpAsyncClientBase$1.run(CloseableHttpAsyncClientBase.java:64)
	...1 frames excluded
2026-05-06T19:55:56.438+08:00  INFO 6862 --- [jetlinks-platform] [sc-cluster-18844-2] io.scalecube.cluster.ClusterImpl         : [default:jetlinks-platform:8844:59f2e1e8-ce54-4ea7-b7b5-84fd0dfd7b39@127.0.0.1:18844][leaveCluster] Left cluster
2026-05-06T19:55:56.440+08:00  INFO 6862 --- [jetlinks-platform] [sc-cluster-18844-2] i.s.cluster.transport.api.Transport      : [127.0.0.1:18844][doStop] Stopping
2026-05-06T19:55:56.441+08:00  INFO 6862 --- [jetlinks-platform] [sc-cluster-18844-2] i.s.cluster.transport.api.Transport      : [127.0.0.1:18844][closeServer] Closing server channel
2026-05-06T19:55:56.443+08:00  INFO 6862 --- [jetlinks-platform] [sc-cluster-io-kqueue-1] i.s.cluster.transport.api.Transport      : [127.0.0.1:18844][closeServer] Closed server channel
2026-05-06T19:55:56.446+08:00  INFO 6862 --- [jetlinks-platform] [sc-cluster-io-kqueue-1] i.s.cluster.transport.api.Transport      : [127.0.0.1:18844][doStop] Stopped
2026-05-06T19:55:56.447+08:00  INFO 6862 --- [jetlinks-platform] [sc-cluster-io-kqueue-1] io.scalecube.cluster.ClusterImpl         : [default:jetlinks-platform:8844:59f2e1e8-ce54-4ea7-b7b5-84fd0dfd7b39@127.0.0.1:18844][doShutdown] Shutdown
2026-05-06T19:56:16.180+08:00  INFO 6877 --- [jetlinks-platform] [main] org.jetlinks.pro.Application             : Starting Application using Java 21.0.9 with PID 6877 (/Volumes/minisHd/工作/演示/jetlinks-project-template/bootstrap/target/classes started by cding in /Volumes/minisHd/工作/演示)
2026-05-06T19:56:16.181+08:00  INFO 6877 --- [jetlinks-platform] [main] org.jetlinks.pro.Application             : The following 3 profiles are active: "default", "dev", "local"
2026-05-06T19:56:18.269+08:00  INFO 6877 --- [jetlinks-platform] [main] o.h.web.id.SnowflakeIdGenerator          : worker starting. timestamp left shift 22, datacenter id bits 5, worker id bits 5, sequence bits 12, workerid 15
2026-05-06T19:56:18.778+08:00  INFO 6877 --- [jetlinks-platform] [main] io.scalecube.cluster.ClusterImpl         : [null][doStart] Starting, config: ClusterConfig[metadata=null, metadataTimeout=3000, metadataCodec=io.scalecube.cluster.metadata.JdkMetadataCodec@53fa630, memberAlias='jetlinks-platform:8844', externalHost='127.0.0.1', externalPort=18844, transportConfig=TransportConfig[port=18844, clientSecured=false, connectTimeout=3000, messageCodec=org.jetlinks.pro.configure.cluster.CustomMessageCodec@49afaf65, maxFrameLength=2097152, transportFactory=io.scalecube.transport.netty.tcp.TcpTransportFactory@6d5376b7, addressMapper=java.util.function.Function$$Lambda/0x000000700100ac68@2fc2d1f0], failureDetectorConfig=FailureDetectorConfig[pingInterval=1000, pingTimeout=3000, pingReqMembers=3], gossipConfig=GossipConfig[gossipFanout=3, gossipInterval=200, gossipRepeatMult=3, gossipSegmentationThreshold=1000], membershipConfig=MembershipConfig[seedMembers=[], syncInterval=5000, syncTimeout=20000, suspicionMult=5, namespace='default', removedMembersHistorySize=42]]
2026-05-06T19:56:18.978+08:00  INFO 6877 --- [jetlinks-platform] [sc-cluster-io-kqueue-1] i.s.cluster.transport.api.Transport      : [start][/[0:0:0:0:0:0:0:0]:18844] Bound cluster transport
2026-05-06T19:56:18.993+08:00  INFO 6877 --- [jetlinks-platform] [sc-cluster-io-kqueue-1] io.scalecube.cluster.ClusterImpl         : [default:jetlinks-platform:8844:3f122807-9b14-4ce1-a491-8ab1b52b1fbb@127.0.0.1:18844][doStart] Started
2026-05-06T19:56:22.235+08:00  INFO 6877 --- [jetlinks-platform] [boundedElastic-3] o.j.p.e.search.ElasticSearchSupport      : register elasticsearch support:class org.jetlinks.pro.elastic.search.ElasticSearch7xSupport
2026-05-06T19:56:23.608+08:00  INFO 6877 --- [jetlinks-platform] [main] c.t.c.g.AbstractImageCaptchaGenerator    : 图片验证码[MultiImageCaptchaGenerator]初始化...
2026-05-06T19:56:24.358+08:00  INFO 6877 --- [jetlinks-platform] [main] org.jetlinks.pro.utils.IpUtils           : ip2region use memory mod,db size:10.56MB
2026-05-06T19:56:24.537+08:00  INFO 6877 --- [jetlinks-platform] [main] o.e.c.elements.config.Configuration      : defaults added UDP.
2026-05-06T19:56:24.541+08:00  INFO 6877 --- [jetlinks-platform] [main] o.e.c.elements.config.Configuration      : defaults added COAP.
2026-05-06T19:56:24.541+08:00  INFO 6877 --- [jetlinks-platform] [main] o.e.c.elements.config.Configuration      : defaults added TCP.
2026-05-06T19:56:32.569+08:00  INFO 6877 --- [jetlinks-platform] [main] o.h.web.starter.i18n.I18nConfiguration   : register i18n message resource i18n/common-component/messages_en.properties -> messages
2026-05-06T19:56:32.569+08:00  INFO 6877 --- [jetlinks-platform] [main] o.h.web.starter.i18n.I18nConfiguration   : register i18n message resource i18n/common-component/messages_zh.properties -> messages
2026-05-06T19:56:32.569+08:00  INFO 6877 --- [jetlinks-platform] [main] o.h.web.starter.i18n.I18nConfiguration   : register i18n message resource i18n/jetlinks-core/messages_en.properties -> messages
2026-05-06T19:56:32.569+08:00  INFO 6877 --- [jetlinks-platform] [main] o.h.web.starter.i18n.I18nConfiguration   : register i18n message resource i18n/jetlinks-core/messages_zh.properties -> messages
2026-05-06T19:56:32.569+08:00  INFO 6877 --- [jetlinks-platform] [main] o.h.web.starter.i18n.I18nConfiguration   : register i18n message resource i18n/authentication/messages_en.properties -> messages
2026-05-06T19:56:32.569+08:00  INFO 6877 --- [jetlinks-platform] [main] o.h.web.starter.i18n.I18nConfiguration   : register i18n message resource i18n/authentication/messages_zh.properties -> messages
2026-05-06T19:56:32.569+08:00  INFO 6877 --- [jetlinks-platform] [main] o.h.web.starter.i18n.I18nConfiguration   : register i18n message resource i18n/jetlinks-sdk-api/messages_en.properties -> messages
2026-05-06T19:56:32.569+08:00  INFO 6877 --- [jetlinks-platform] [main] o.h.web.starter.i18n.I18nConfiguration   : register i18n message resource i18n/jetlinks-sdk-api/messages_zh.properties -> messages
2026-05-06T19:56:32.569+08:00  INFO 6877 --- [jetlinks-platform] [main] o.h.web.starter.i18n.I18nConfiguration   : register i18n message resource i18n/datasource-manager/messages_en.properties -> messages
2026-05-06T19:56:32.569+08:00  INFO 6877 --- [jetlinks-platform] [main] o.h.web.starter.i18n.I18nConfiguration   : register i18n message resource i18n/datasource-manager/messages_zh.properties -> messages
2026-05-06T19:56:32.569+08:00  INFO 6877 --- [jetlinks-platform] [main] o.h.web.starter.i18n.I18nConfiguration   : register i18n message resource i18n/datasource/messages_en.properties -> messages
2026-05-06T19:56:32.569+08:00  INFO 6877 --- [jetlinks-platform] [main] o.h.web.starter.i18n.I18nConfiguration   : register i18n message resource i18n/datasource/messages_zh.properties -> messages
2026-05-06T19:56:32.569+08:00  INFO 6877 --- [jetlinks-platform] [main] o.h.web.starter.i18n.I18nConfiguration   : register i18n message resource i18n/assets-component/messages_en.properties -> messages
2026-05-06T19:56:32.569+08:00  INFO 6877 --- [jetlinks-platform] [main] o.h.web.starter.i18n.I18nConfiguration   : register i18n message resource i18n/assets-component/messages_zh.properties -> messages
2026-05-06T19:56:32.569+08:00  INFO 6877 --- [jetlinks-platform] [main] o.h.web.starter.i18n.I18nConfiguration   : register i18n message resource i18n/rule-engine-component/messages_en.properties -> messages
2026-05-06T19:56:32.569+08:00  INFO 6877 --- [jetlinks-platform] [main] o.h.web.starter.i18n.I18nConfiguration   : register i18n message resource i18n/rule-engine-component/messages_zh.properties -> messages
2026-05-06T19:56:32.569+08:00  INFO 6877 --- [jetlinks-platform] [main] o.h.web.starter.i18n.I18nConfiguration   : register i18n message resource i18n/dashboard-component/messages_en.properties -> messages
2026-05-06T19:56:32.570+08:00  INFO 6877 --- [jetlinks-platform] [main] o.h.web.starter.i18n.I18nConfiguration   : register i18n message resource i18n/dashboard-component/messages_zh.properties -> messages
2026-05-06T19:56:32.570+08:00  INFO 6877 --- [jetlinks-platform] [main] o.h.web.starter.i18n.I18nConfiguration   : register i18n message resource i18n/io-component/messages_en.properties -> messages
2026-05-06T19:56:32.570+08:00  INFO 6877 --- [jetlinks-platform] [main] o.h.web.starter.i18n.I18nConfiguration   : register i18n message resource i18n/io-component/messages_zh.properties -> messages
2026-05-06T19:56:32.570+08:00  INFO 6877 --- [jetlinks-platform] [main] o.h.web.starter.i18n.I18nConfiguration   : register i18n message resource i18n/script-component/messages_en.properties -> messages
2026-05-06T19:56:32.570+08:00  INFO 6877 --- [jetlinks-platform] [main] o.h.web.starter.i18n.I18nConfiguration   : register i18n message resource i18n/script-component/messages_zh.properties -> messages
2026-05-06T19:56:32.570+08:00  INFO 6877 --- [jetlinks-platform] [main] o.h.web.starter.i18n.I18nConfiguration   : register i18n message resource i18n/rule-engine-manager/messages_en.properties -> messages
2026-05-06T19:56:32.570+08:00  INFO 6877 --- [jetlinks-platform] [main] o.h.web.starter.i18n.I18nConfiguration   : register i18n message resource i18n/rule-engine-manager/messages_zh.properties -> messages
2026-05-06T19:56:32.570+08:00  INFO 6877 --- [jetlinks-platform] [main] o.h.web.starter.i18n.I18nConfiguration   : register i18n message resource i18n/relation-component/messages_en.properties -> messages
2026-05-06T19:56:32.570+08:00  INFO 6877 --- [jetlinks-platform] [main] o.h.web.starter.i18n.I18nConfiguration   : register i18n message resource i18n/relation-component/messages_zh.properties -> messages
2026-05-06T19:56:32.570+08:00  INFO 6877 --- [jetlinks-platform] [main] o.h.web.starter.i18n.I18nConfiguration   : register i18n message resource i18n/things-component/messages_en.properties -> messages
2026-05-06T19:56:32.570+08:00  INFO 6877 --- [jetlinks-platform] [main] o.h.web.starter.i18n.I18nConfiguration   : register i18n message resource i18n/things-component/messages_zh.properties -> messages
2026-05-06T19:56:32.570+08:00  INFO 6877 --- [jetlinks-platform] [main] o.h.web.starter.i18n.I18nConfiguration   : register i18n message resource i18n/notify-component/messages_en.properties -> messages
2026-05-06T19:56:32.570+08:00  INFO 6877 --- [jetlinks-platform] [main] o.h.web.starter.i18n.I18nConfiguration   : register i18n message resource i18n/notify-component/messages_zh.properties -> messages
2026-05-06T19:56:32.570+08:00  INFO 6877 --- [jetlinks-platform] [main] o.h.web.starter.i18n.I18nConfiguration   : register i18n message resource i18n/logging-manager/messages_en.properties -> messages
2026-05-06T19:56:32.570+08:00  INFO 6877 --- [jetlinks-platform] [main] o.h.web.starter.i18n.I18nConfiguration   : register i18n message resource i18n/logging-manager/messages_zh.properties -> messages
2026-05-06T19:56:32.570+08:00  INFO 6877 --- [jetlinks-platform] [main] o.h.web.starter.i18n.I18nConfiguration   : register i18n message resource i18n/authentication-manager/messages_en.properties -> messages
2026-05-06T19:56:32.570+08:00  INFO 6877 --- [jetlinks-platform] [main] o.h.web.starter.i18n.I18nConfiguration   : register i18n message resource i18n/authentication-manager/messages_zh.properties -> messages
2026-05-06T19:56:32.570+08:00  INFO 6877 --- [jetlinks-platform] [main] o.h.web.starter.i18n.I18nConfiguration   : register i18n message resource i18n/authentication-default/messages_en.properties -> messages
2026-05-06T19:56:32.570+08:00  INFO 6877 --- [jetlinks-platform] [main] o.h.web.starter.i18n.I18nConfiguration   : register i18n message resource i18n/authentication-default/messages_zh.properties -> messages
2026-05-06T19:56:32.570+08:00  INFO 6877 --- [jetlinks-platform] [main] o.h.web.starter.i18n.I18nConfiguration   : register i18n message resource i18n/application-component/messages_en.properties -> messages
2026-05-06T19:56:32.570+08:00  INFO 6877 --- [jetlinks-platform] [main] o.h.web.starter.i18n.I18nConfiguration   : register i18n message resource i18n/application-component/messages_zh.properties -> messages
2026-05-06T19:56:32.570+08:00  INFO 6877 --- [jetlinks-platform] [main] o.h.web.starter.i18n.I18nConfiguration   : register i18n message resource i18n/network-manager/messages_en.properties -> messages
2026-05-06T19:56:32.570+08:00  INFO 6877 --- [jetlinks-platform] [main] o.h.web.starter.i18n.I18nConfiguration   : register i18n message resource i18n/network-manager/messages_zh.properties -> messages
2026-05-06T19:56:32.570+08:00  INFO 6877 --- [jetlinks-platform] [main] o.h.web.starter.i18n.I18nConfiguration   : register i18n message resource i18n/network-core/messages_en.properties -> messages
2026-05-06T19:56:32.570+08:00  INFO 6877 --- [jetlinks-platform] [main] o.h.web.starter.i18n.I18nConfiguration   : register i18n message resource i18n/network-core/messages_zh.properties -> messages
2026-05-06T19:56:32.570+08:00  INFO 6877 --- [jetlinks-platform] [main] o.h.web.starter.i18n.I18nConfiguration   : register i18n message resource i18n/udp-component/messages_en.properties -> messages
2026-05-06T19:56:32.570+08:00  INFO 6877 --- [jetlinks-platform] [main] o.h.web.starter.i18n.I18nConfiguration   : register i18n message resource i18n/udp-component/messages_zh.properties -> messages
2026-05-06T19:56:32.570+08:00  INFO 6877 --- [jetlinks-platform] [main] o.h.web.starter.i18n.I18nConfiguration   : register i18n message resource i18n/device-manager/messages_en.properties -> messages
2026-05-06T19:56:32.570+08:00  INFO 6877 --- [jetlinks-platform] [main] o.h.web.starter.i18n.I18nConfiguration   : register i18n message resource i18n/device-manager/messages_zh.properties -> messages
2026-05-06T19:56:32.570+08:00  INFO 6877 --- [jetlinks-platform] [main] o.h.web.starter.i18n.I18nConfiguration   : register i18n message resource i18n/collector/messages_en.properties -> messages
2026-05-06T19:56:32.570+08:00  INFO 6877 --- [jetlinks-platform] [main] o.h.web.starter.i18n.I18nConfiguration   : register i18n message resource i18n/collector/messages_zh.properties -> messages
2026-05-06T19:56:32.570+08:00  INFO 6877 --- [jetlinks-platform] [main] o.h.web.starter.i18n.I18nConfiguration   : register i18n message resource i18n/plugin-component/messages_en.properties -> messages
2026-05-06T19:56:32.570+08:00  INFO 6877 --- [jetlinks-platform] [main] o.h.web.starter.i18n.I18nConfiguration   : register i18n message resource i18n/plugin-component/messages_zh.properties -> messages
2026-05-06T19:56:32.570+08:00  INFO 6877 --- [jetlinks-platform] [main] o.h.web.starter.i18n.I18nConfiguration   : register i18n message resource i18n/geo-component/messages_en.properties -> messages
2026-05-06T19:56:32.570+08:00  INFO 6877 --- [jetlinks-platform] [main] o.h.web.starter.i18n.I18nConfiguration   : register i18n message resource i18n/geo-component/messages_zh.properties -> messages
2026-05-06T19:56:32.570+08:00  INFO 6877 --- [jetlinks-platform] [main] o.h.web.starter.i18n.I18nConfiguration   : register i18n message resource i18n/notify-manager/messages_en.properties -> messages
2026-05-06T19:56:32.570+08:00  INFO 6877 --- [jetlinks-platform] [main] o.h.web.starter.i18n.I18nConfiguration   : register i18n message resource i18n/notify-manager/messages_zh.properties -> messages
2026-05-06T19:56:32.570+08:00  INFO 6877 --- [jetlinks-platform] [main] o.h.web.starter.i18n.I18nConfiguration   : register i18n message resource i18n/messages_en.properties -> messages
2026-05-06T19:56:32.570+08:00  INFO 6877 --- [jetlinks-platform] [main] o.h.web.starter.i18n.I18nConfiguration   : register i18n message resource i18n/messages_zh.properties -> messages
2026-05-06T19:56:32.570+08:00  INFO 6877 --- [jetlinks-platform] [main] o.h.web.starter.i18n.I18nConfiguration   : register i18n message resource i18n/notify-dingtalk/messages_en.properties -> messages
2026-05-06T19:56:32.570+08:00  INFO 6877 --- [jetlinks-platform] [main] o.h.web.starter.i18n.I18nConfiguration   : register i18n message resource i18n/notify-dingtalk/messages_zh.properties -> messages
2026-05-06T19:56:32.570+08:00  INFO 6877 --- [jetlinks-platform] [main] o.h.web.starter.i18n.I18nConfiguration   : register i18n message resource i18n/notify-wechat/messages_en.properties -> messages
2026-05-06T19:56:32.570+08:00  INFO 6877 --- [jetlinks-platform] [main] o.h.web.starter.i18n.I18nConfiguration   : register i18n message resource i18n/notify-wechat/messages_zh.properties -> messages
2026-05-06T19:56:32.570+08:00  INFO 6877 --- [jetlinks-platform] [main] o.h.web.starter.i18n.I18nConfiguration   : register i18n message resource i18n/commons/messages_en.properties -> messages
2026-05-06T19:56:32.570+08:00  INFO 6877 --- [jetlinks-platform] [main] o.h.web.starter.i18n.I18nConfiguration   : register i18n message resource i18n/commons/messages_zh.properties -> messages
2026-05-06T19:56:32.570+08:00  INFO 6877 --- [jetlinks-platform] [main] o.h.web.starter.i18n.I18nConfiguration   : register i18n message resource i18n/dictionary/messages_en.properties -> messages
2026-05-06T19:56:32.570+08:00  INFO 6877 --- [jetlinks-platform] [main] o.h.web.starter.i18n.I18nConfiguration   : register i18n message resource i18n/dictionary/messages_zh.properties -> messages
2026-05-06T19:56:32.570+08:00  INFO 6877 --- [jetlinks-platform] [main] o.h.web.starter.i18n.I18nConfiguration   : register i18n message resource i18n/core/messages_en.properties -> messages
2026-05-06T19:56:32.570+08:00  INFO 6877 --- [jetlinks-platform] [main] o.h.web.starter.i18n.I18nConfiguration   : register i18n message resource i18n/core/messages_zh.properties -> messages
2026-05-06T19:56:32.570+08:00  INFO 6877 --- [jetlinks-platform] [main] o.h.web.starter.i18n.I18nConfiguration   : register i18n message resource i18n/function-component/messages_en.properties -> messages
2026-05-06T19:56:32.570+08:00  INFO 6877 --- [jetlinks-platform] [main] o.h.web.starter.i18n.I18nConfiguration   : register i18n message resource i18n/function-component/messages_zh.properties -> messages
2026-05-06T19:56:32.570+08:00  INFO 6877 --- [jetlinks-platform] [main] o.h.web.starter.i18n.I18nConfiguration   : register i18n message resource i18n/visualization-manager/messages_en.properties -> messages
2026-05-06T19:56:32.570+08:00  INFO 6877 --- [jetlinks-platform] [main] o.h.web.starter.i18n.I18nConfiguration   : register i18n message resource i18n/visualization-manager/messages_zh.properties -> messages
2026-05-06T19:56:32.571+08:00  INFO 6877 --- [jetlinks-platform] [main] o.h.web.starter.i18n.I18nConfiguration   : register i18n message resource i18n/jetlinks-media/messages_en.properties -> messages
2026-05-06T19:56:32.571+08:00  INFO 6877 --- [jetlinks-platform] [main] o.h.web.starter.i18n.I18nConfiguration   : register i18n message resource i18n/jetlinks-media/messages_zh.properties -> messages
2026-05-06T19:56:34.077+08:00  WARN 6877 --- [jetlinks-platform] [main] o.s.c.annotation.AnnotationTypeMapping   : Support for convention-based annotation attribute overrides is deprecated and will be removed in Spring Framework 7.0. Please annotate the following attributes in @org.jetlinks.sdk.server.ui.field.annotation.field.form.QueryComponent with appropriate @AliasFor declarations: [key]
2026-05-06T19:56:37.476+08:00  INFO 6877 --- [jetlinks-platform] [main] o.j.p.c.metadata.ClusterMetadataManager  : register cluster metadata, size:1
2026-05-06T19:56:37.480+08:00  INFO 6877 --- [jetlinks-platform] [main] o.h.w.a.b.aop.AopAuthorizingController   : publish AuthorizeDefinitionInitializedEvent,definition size:1669
2026-05-06T19:56:37.582+08:00  INFO 6877 --- [jetlinks-platform] [main] o.h.w.d.c.DictionaryProperties           : scan enum dict package:classpath*:org/jetlinks/**/*.class
2026-05-06T19:56:38.432+08:00  INFO 6877 --- [jetlinks-platform] [main] o.h.w.d.c.DictionaryProperties           : scan enum dict package:classpath*:org/hswebframework/web/**/*.class
2026-05-06T19:56:39.175+08:00  INFO 6877 --- [jetlinks-platform] [main] org.jetlinks.pro.Application             : Started Application in 23.58 seconds (process running for 24.196)
2026-05-06T19:56:39.198+08:00  INFO 6877 --- [jetlinks-platform] [main] o.j.p.c.metadata.ClusterMetadataManager  : register cluster metadata, size:1
2026-05-06T19:56:39.343+08:00  INFO 6877 --- [jetlinks-platform] [main] o.j.p.c.metadata.ClusterMetadataManager  : register cluster metadata, size:1
2026-05-06T19:56:39.353+08:00  INFO 6877 --- [jetlinks-platform] [main] o.j.p.c.metadata.ClusterMetadataManager  : register cluster metadata, size:1
2026-05-06T19:56:39.374+08:00  INFO 6877 --- [jetlinks-platform] [main] o.j.p.c.metadata.ClusterMetadataManager  : register cluster metadata, size:1
2026-05-06T19:56:39.727+08:00  INFO 6877 --- [jetlinks-platform] [lettuce-eventExecutorLoop-5-1] o.h.w.d.s.CompositeDictDefineRepository  : clear all dic cache success
2026-05-06T19:56:39.992+08:00  INFO 6877 --- [jetlinks-platform] [reactor-tcp-kqueue-3] o.h.w.s.a.d.s.PermissionSynchronization  : sync permission success:added 0,updated 78,total 78
2026-05-06T19:56:49.376+08:00  INFO 6877 --- [jetlinks-platform] [parallel-4] .j.p.c.d.PersistenceDeviceSessionManager : load device session cost 6ms
2026-05-06T19:56:54.620+08:00  INFO 6877 --- [jetlinks-platform] [things-data-writer-15] o.j.p.t.data.LocalFileThingsDataManager  : flushing thing data, in memory size:0
2026-05-06T19:56:54.621+08:00  INFO 6877 --- [jetlinks-platform] [things-data-writer-15] o.j.p.t.data.LocalFileThingsDataManager  : flushing thing data complete 1ms, in memory size:0
2026-05-06T19:57:24.622+08:00  INFO 6877 --- [jetlinks-platform] [things-data-writer-15] o.j.p.t.data.LocalFileThingsDataManager  : flushing thing data, in memory size:0
2026-05-06T19:57:24.623+08:00  INFO 6877 --- [jetlinks-platform] [things-data-writer-15] o.j.p.t.data.LocalFileThingsDataManager  : flushing thing data complete 1ms, in memory size:0
2026-05-06T19:57:26.302+08:00  INFO 6877 --- [jetlinks-platform] [boundedElastic-3] o.j.pro.tracing.LocalTracingService      : flush tracing data...
2026-05-06T19:57:26.302+08:00  INFO 6877 --- [jetlinks-platform] [boundedElastic-3] o.j.pro.tracing.LocalTracingService      : flush tracing data complete,size 0,use time 0
2026-05-06T19:57:54.618+08:00  INFO 6877 --- [jetlinks-platform] [things-data-writer-15] o.j.p.t.data.LocalFileThingsDataManager  : flushing thing data, in memory size:0
2026-05-06T19:57:54.619+08:00  INFO 6877 --- [jetlinks-platform] [things-data-writer-15] o.j.p.t.data.LocalFileThingsDataManager  : flushing thing data complete 1ms, in memory size:0
2026-05-06T19:57:56.299+08:00  INFO 6877 --- [jetlinks-platform] [boundedElastic-3] o.j.pro.tracing.LocalTracingService      : flush tracing data...
2026-05-06T19:57:56.299+08:00  INFO 6877 --- [jetlinks-platform] [boundedElastic-3] o.j.pro.tracing.LocalTracingService      : flush tracing data complete,size 0,use time 0
2026-05-06T19:58:24.622+08:00  INFO 6877 --- [jetlinks-platform] [things-data-writer-15] o.j.p.t.data.LocalFileThingsDataManager  : flushing thing data, in memory size:0
2026-05-06T19:58:24.625+08:00  INFO 6877 --- [jetlinks-platform] [things-data-writer-15] o.j.p.t.data.LocalFileThingsDataManager  : flushing thing data complete 3ms, in memory size:0
2026-05-06T19:58:26.300+08:00  INFO 6877 --- [jetlinks-platform] [boundedElastic-3] o.j.pro.tracing.LocalTracingService      : flush tracing data...
2026-05-06T19:58:26.300+08:00  INFO 6877 --- [jetlinks-platform] [boundedElastic-3] o.j.pro.tracing.LocalTracingService      : flush tracing data complete,size 0,use time 0
2026-05-06T19:58:54.618+08:00  INFO 6877 --- [jetlinks-platform] [things-data-writer-15] o.j.p.t.data.LocalFileThingsDataManager  : flushing thing data, in memory size:0
2026-05-06T19:58:54.618+08:00  INFO 6877 --- [jetlinks-platform] [things-data-writer-15] o.j.p.t.data.LocalFileThingsDataManager  : flushing thing data complete 0ms, in memory size:0
2026-05-06T19:58:56.304+08:00  INFO 6877 --- [jetlinks-platform] [boundedElastic-3] o.j.pro.tracing.LocalTracingService      : flush tracing data...
2026-05-06T19:58:56.304+08:00  INFO 6877 --- [jetlinks-platform] [boundedElastic-3] o.j.pro.tracing.LocalTracingService      : flush tracing data complete,size 0,use time 0
2026-05-06T19:59:24.619+08:00  INFO 6877 --- [jetlinks-platform] [things-data-writer-15] o.j.p.t.data.LocalFileThingsDataManager  : flushing thing data, in memory size:0
2026-05-06T19:59:24.620+08:00  INFO 6877 --- [jetlinks-platform] [things-data-writer-15] o.j.p.t.data.LocalFileThingsDataManager  : flushing thing data complete 1ms, in memory size:0
2026-05-06T19:59:26.304+08:00  INFO 6877 --- [jetlinks-platform] [boundedElastic-3] o.j.pro.tracing.LocalTracingService      : flush tracing data...
2026-05-06T19:59:26.304+08:00  INFO 6877 --- [jetlinks-platform] [boundedElastic-3] o.j.pro.tracing.LocalTracingService      : flush tracing data complete,size 0,use time 0
2026-05-06T19:59:54.620+08:00  INFO 6877 --- [jetlinks-platform] [things-data-writer-15] o.j.p.t.data.LocalFileThingsDataManager  : flushing thing data, in memory size:0
2026-05-06T19:59:54.622+08:00  INFO 6877 --- [jetlinks-platform] [things-data-writer-15] o.j.p.t.data.LocalFileThingsDataManager  : flushing thing data complete 2ms, in memory size:0
2026-05-06T19:59:56.300+08:00  INFO 6877 --- [jetlinks-platform] [boundedElastic-3] o.j.pro.tracing.LocalTracingService      : flush tracing data...
2026-05-06T19:59:56.301+08:00  INFO 6877 --- [jetlinks-platform] [boundedElastic-3] o.j.pro.tracing.LocalTracingService      : flush tracing data complete,size 0,use time 0
2026-05-06T20:00:24.620+08:00  INFO 6877 --- [jetlinks-platform] [things-data-writer-15] o.j.p.t.data.LocalFileThingsDataManager  : flushing thing data, in memory size:0
2026-05-06T20:00:24.622+08:00  INFO 6877 --- [jetlinks-platform] [things-data-writer-15] o.j.p.t.data.LocalFileThingsDataManager  : flushing thing data complete 2ms, in memory size:0
2026-05-06T20:00:26.302+08:00  INFO 6877 --- [jetlinks-platform] [boundedElastic-3] o.j.pro.tracing.LocalTracingService      : flush tracing data...
2026-05-06T20:00:26.302+08:00  INFO 6877 --- [jetlinks-platform] [boundedElastic-3] o.j.pro.tracing.LocalTracingService      : flush tracing data complete,size 0,use time 0
2026-05-06T20:00:54.622+08:00  INFO 6877 --- [jetlinks-platform] [things-data-writer-15] o.j.p.t.data.LocalFileThingsDataManager  : flushing thing data, in memory size:0
2026-05-06T20:00:54.624+08:00  INFO 6877 --- [jetlinks-platform] [things-data-writer-15] o.j.p.t.data.LocalFileThingsDataManager  : flushing thing data complete 2ms, in memory size:0
2026-05-06T20:00:56.301+08:00  INFO 6877 --- [jetlinks-platform] [boundedElastic-3] o.j.pro.tracing.LocalTracingService      : flush tracing data...
2026-05-06T20:00:56.301+08:00  INFO 6877 --- [jetlinks-platform] [boundedElastic-3] o.j.pro.tracing.LocalTracingService      : flush tracing data complete,size 0,use time 0
2026-05-06T20:01:24.622+08:00  INFO 6877 --- [jetlinks-platform] [things-data-writer-15] o.j.p.t.data.LocalFileThingsDataManager  : flushing thing data, in memory size:0
2026-05-06T20:01:24.623+08:00  INFO 6877 --- [jetlinks-platform] [things-data-writer-15] o.j.p.t.data.LocalFileThingsDataManager  : flushing thing data complete 1ms, in memory size:0
2026-05-06T20:01:26.300+08:00  INFO 6877 --- [jetlinks-platform] [boundedElastic-3] o.j.pro.tracing.LocalTracingService      : flush tracing data...
2026-05-06T20:01:26.301+08:00  INFO 6877 --- [jetlinks-platform] [boundedElastic-3] o.j.pro.tracing.LocalTracingService      : flush tracing data complete,size 0,use time 0
2026-05-06T20:01:54.621+08:00  INFO 6877 --- [jetlinks-platform] [things-data-writer-15] o.j.p.t.data.LocalFileThingsDataManager  : flushing thing data, in memory size:0
2026-05-06T20:01:54.622+08:00  INFO 6877 --- [jetlinks-platform] [things-data-writer-15] o.j.p.t.data.LocalFileThingsDataManager  : flushing thing data complete 1ms, in memory size:0
2026-05-06T20:01:56.300+08:00  INFO 6877 --- [jetlinks-platform] [boundedElastic-3] o.j.pro.tracing.LocalTracingService      : flush tracing data...
2026-05-06T20:01:56.300+08:00  INFO 6877 --- [jetlinks-platform] [boundedElastic-3] o.j.pro.tracing.LocalTracingService      : flush tracing data complete,size 0,use time 0
2026-05-06T20:02:24.618+08:00  INFO 6877 --- [jetlinks-platform] [things-data-writer-15] o.j.p.t.data.LocalFileThingsDataManager  : flushing thing data, in memory size:0
2026-05-06T20:02:24.620+08:00  INFO 6877 --- [jetlinks-platform] [things-data-writer-15] o.j.p.t.data.LocalFileThingsDataManager  : flushing thing data complete 2ms, in memory size:0
2026-05-06T20:02:26.304+08:00  INFO 6877 --- [jetlinks-platform] [boundedElastic-3] o.j.pro.tracing.LocalTracingService      : flush tracing data...
2026-05-06T20:02:26.304+08:00  INFO 6877 --- [jetlinks-platform] [boundedElastic-3] o.j.pro.tracing.LocalTracingService      : flush tracing data complete,size 0,use time 0
2026-05-06T20:02:54.620+08:00  INFO 6877 --- [jetlinks-platform] [things-data-writer-15] o.j.p.t.data.LocalFileThingsDataManager  : flushing thing data, in memory size:0
2026-05-06T20:02:54.622+08:00  INFO 6877 --- [jetlinks-platform] [things-data-writer-15] o.j.p.t.data.LocalFileThingsDataManager  : flushing thing data complete 2ms, in memory size:0
2026-05-06T20:02:56.304+08:00  INFO 6877 --- [jetlinks-platform] [boundedElastic-3] o.j.pro.tracing.LocalTracingService      : flush tracing data...
2026-05-06T20:02:56.304+08:00  INFO 6877 --- [jetlinks-platform] [boundedElastic-3] o.j.pro.tracing.LocalTracingService      : flush tracing data complete,size 0,use time 0
2026-05-06T20:03:24.622+08:00  INFO 6877 --- [jetlinks-platform] [things-data-writer-15] o.j.p.t.data.LocalFileThingsDataManager  : flushing thing data, in memory size:0
2026-05-06T20:03:24.624+08:00  INFO 6877 --- [jetlinks-platform] [things-data-writer-15] o.j.p.t.data.LocalFileThingsDataManager  : flushing thing data complete 2ms, in memory size:0
2026-05-06T20:03:26.301+08:00  INFO 6877 --- [jetlinks-platform] [boundedElastic-3] o.j.pro.tracing.LocalTracingService      : flush tracing data...
2026-05-06T20:03:26.301+08:00  INFO 6877 --- [jetlinks-platform] [boundedElastic-3] o.j.pro.tracing.LocalTracingService      : flush tracing data complete,size 0,use time 0
2026-05-06T20:03:54.619+08:00  INFO 6877 --- [jetlinks-platform] [things-data-writer-15] o.j.p.t.data.LocalFileThingsDataManager  : flushing thing data, in memory size:0
2026-05-06T20:03:54.621+08:00  INFO 6877 --- [jetlinks-platform] [things-data-writer-15] o.j.p.t.data.LocalFileThingsDataManager  : flushing thing data complete 2ms, in memory size:0
2026-05-06T20:03:56.306+08:00  INFO 6877 --- [jetlinks-platform] [boundedElastic-3] o.j.pro.tracing.LocalTracingService      : flush tracing data...
2026-05-06T20:03:56.306+08:00  INFO 6877 --- [jetlinks-platform] [boundedElastic-3] o.j.pro.tracing.LocalTracingService      : flush tracing data complete,size 0,use time 0
2026-05-06T20:04:24.622+08:00  INFO 6877 --- [jetlinks-platform] [things-data-writer-15] o.j.p.t.data.LocalFileThingsDataManager  : flushing thing data, in memory size:0
2026-05-06T20:04:24.624+08:00  INFO 6877 --- [jetlinks-platform] [things-data-writer-15] o.j.p.t.data.LocalFileThingsDataManager  : flushing thing data complete 2ms, in memory size:0
2026-05-06T20:04:26.305+08:00  INFO 6877 --- [jetlinks-platform] [boundedElastic-3] o.j.pro.tracing.LocalTracingService      : flush tracing data...
2026-05-06T20:04:26.305+08:00  INFO 6877 --- [jetlinks-platform] [boundedElastic-3] o.j.pro.tracing.LocalTracingService      : flush tracing data complete,size 0,use time 0
2026-05-06T20:04:54.622+08:00  INFO 6877 --- [jetlinks-platform] [things-data-writer-15] o.j.p.t.data.LocalFileThingsDataManager  : flushing thing data, in memory size:0
2026-05-06T20:04:54.624+08:00  INFO 6877 --- [jetlinks-platform] [things-data-writer-15] o.j.p.t.data.LocalFileThingsDataManager  : flushing thing data complete 2ms, in memory size:0
2026-05-06T20:04:56.304+08:00  INFO 6877 --- [jetlinks-platform] [boundedElastic-3] o.j.pro.tracing.LocalTracingService      : flush tracing data...
2026-05-06T20:04:56.305+08:00  INFO 6877 --- [jetlinks-platform] [boundedElastic-3] o.j.pro.tracing.LocalTracingService      : flush tracing data complete,size 0,use time 0
2026-05-06T20:05:24.621+08:00  INFO 6877 --- [jetlinks-platform] [things-data-writer-15] o.j.p.t.data.LocalFileThingsDataManager  : flushing thing data, in memory size:0
2026-05-06T20:05:24.622+08:00  INFO 6877 --- [jetlinks-platform] [things-data-writer-15] o.j.p.t.data.LocalFileThingsDataManager  : flushing thing data complete 1ms, in memory size:0
2026-05-06T20:05:26.305+08:00  INFO 6877 --- [jetlinks-platform] [boundedElastic-3] o.j.pro.tracing.LocalTracingService      : flush tracing data...
2026-05-06T20:05:26.305+08:00  INFO 6877 --- [jetlinks-platform] [boundedElastic-3] o.j.pro.tracing.LocalTracingService      : flush tracing data complete,size 0,use time 0
2026-05-06T20:05:54.623+08:00  INFO 6877 --- [jetlinks-platform] [things-data-writer-15] o.j.p.t.data.LocalFileThingsDataManager  : flushing thing data, in memory size:0
2026-05-06T20:05:54.624+08:00  INFO 6877 --- [jetlinks-platform] [things-data-writer-15] o.j.p.t.data.LocalFileThingsDataManager  : flushing thing data complete 1ms, in memory size:0
2026-05-06T20:05:56.302+08:00  INFO 6877 --- [jetlinks-platform] [boundedElastic-3] o.j.pro.tracing.LocalTracingService      : flush tracing data...
2026-05-06T20:05:56.302+08:00  INFO 6877 --- [jetlinks-platform] [boundedElastic-3] o.j.pro.tracing.LocalTracingService      : flush tracing data complete,size 0,use time 0
2026-05-06T20:06:24.623+08:00  INFO 6877 --- [jetlinks-platform] [things-data-writer-15] o.j.p.t.data.LocalFileThingsDataManager  : flushing thing data, in memory size:0
2026-05-06T20:06:24.624+08:00  INFO 6877 --- [jetlinks-platform] [things-data-writer-15] o.j.p.t.data.LocalFileThingsDataManager  : flushing thing data complete 1ms, in memory size:0
2026-05-06T20:06:26.302+08:00  INFO 6877 --- [jetlinks-platform] [boundedElastic-3] o.j.pro.tracing.LocalTracingService      : flush tracing data...
2026-05-06T20:06:26.303+08:00  INFO 6877 --- [jetlinks-platform] [boundedElastic-3] o.j.pro.tracing.LocalTracingService      : flush tracing data complete,size 0,use time 0
2026-05-06T20:06:54.622+08:00  INFO 6877 --- [jetlinks-platform] [things-data-writer-15] o.j.p.t.data.LocalFileThingsDataManager  : flushing thing data, in memory size:0
2026-05-06T20:06:54.623+08:00  INFO 6877 --- [jetlinks-platform] [things-data-writer-15] o.j.p.t.data.LocalFileThingsDataManager  : flushing thing data complete 0ms, in memory size:0
2026-05-06T20:06:56.305+08:00  INFO 6877 --- [jetlinks-platform] [boundedElastic-3] o.j.pro.tracing.LocalTracingService      : flush tracing data...
2026-05-06T20:06:56.306+08:00  INFO 6877 --- [jetlinks-platform] [boundedElastic-3] o.j.pro.tracing.LocalTracingService      : flush tracing data complete,size 0,use time 0
2026-05-06T20:07:24.622+08:00  INFO 6877 --- [jetlinks-platform] [things-data-writer-15] o.j.p.t.data.LocalFileThingsDataManager  : flushing thing data, in memory size:0
2026-05-06T20:07:24.623+08:00  INFO 6877 --- [jetlinks-platform] [things-data-writer-15] o.j.p.t.data.LocalFileThingsDataManager  : flushing thing data complete 1ms, in memory size:0
2026-05-06T20:07:26.304+08:00  INFO 6877 --- [jetlinks-platform] [boundedElastic-3] o.j.pro.tracing.LocalTracingService      : flush tracing data...
2026-05-06T20:07:26.304+08:00  INFO 6877 --- [jetlinks-platform] [boundedElastic-3] o.j.pro.tracing.LocalTracingService      : flush tracing data complete,size 0,use time 0
2026-05-06T20:07:54.620+08:00  INFO 6877 --- [jetlinks-platform] [things-data-writer-15] o.j.p.t.data.LocalFileThingsDataManager  : flushing thing data, in memory size:0
2026-05-06T20:07:54.621+08:00  INFO 6877 --- [jetlinks-platform] [things-data-writer-15] o.j.p.t.data.LocalFileThingsDataManager  : flushing thing data complete 1ms, in memory size:0
2026-05-06T20:07:56.304+08:00  INFO 6877 --- [jetlinks-platform] [boundedElastic-3] o.j.pro.tracing.LocalTracingService      : flush tracing data...
2026-05-06T20:07:56.304+08:00  INFO 6877 --- [jetlinks-platform] [boundedElastic-3] o.j.pro.tracing.LocalTracingService      : flush tracing data complete,size 0,use time 0
2026-05-06T20:08:24.623+08:00  INFO 6877 --- [jetlinks-platform] [things-data-writer-15] o.j.p.t.data.LocalFileThingsDataManager  : flushing thing data, in memory size:0
2026-05-06T20:08:24.623+08:00  INFO 6877 --- [jetlinks-platform] [things-data-writer-15] o.j.p.t.data.LocalFileThingsDataManager  : flushing thing data complete 0ms, in memory size:0
2026-05-06T20:08:26.302+08:00  INFO 6877 --- [jetlinks-platform] [boundedElastic-3] o.j.pro.tracing.LocalTracingService      : flush tracing data...
2026-05-06T20:08:26.303+08:00  INFO 6877 --- [jetlinks-platform] [boundedElastic-3] o.j.pro.tracing.LocalTracingService      : flush tracing data complete,size 0,use time 0
2026-05-06T20:08:54.622+08:00  INFO 6877 --- [jetlinks-platform] [things-data-writer-15] o.j.p.t.data.LocalFileThingsDataManager  : flushing thing data, in memory size:0
2026-05-06T20:08:54.623+08:00  INFO 6877 --- [jetlinks-platform] [things-data-writer-15] o.j.p.t.data.LocalFileThingsDataManager  : flushing thing data complete 1ms, in memory size:0
2026-05-06T20:08:56.306+08:00  INFO 6877 --- [jetlinks-platform] [boundedElastic-3] o.j.pro.tracing.LocalTracingService      : flush tracing data...
2026-05-06T20:08:56.306+08:00  INFO 6877 --- [jetlinks-platform] [boundedElastic-3] o.j.pro.tracing.LocalTracingService      : flush tracing data complete,size 0,use time 0
2026-05-06T20:09:24.621+08:00  INFO 6877 --- [jetlinks-platform] [things-data-writer-15] o.j.p.t.data.LocalFileThingsDataManager  : flushing thing data, in memory size:0
2026-05-06T20:09:24.621+08:00  INFO 6877 --- [jetlinks-platform] [things-data-writer-15] o.j.p.t.data.LocalFileThingsDataManager  : flushing thing data complete 0ms, in memory size:0
2026-05-06T20:09:26.304+08:00  INFO 6877 --- [jetlinks-platform] [boundedElastic-3] o.j.pro.tracing.LocalTracingService      : flush tracing data...
2026-05-06T20:09:26.305+08:00  INFO 6877 --- [jetlinks-platform] [boundedElastic-3] o.j.pro.tracing.LocalTracingService      : flush tracing data complete,size 0,use time 0
2026-05-06T20:09:54.624+08:00  INFO 6877 --- [jetlinks-platform] [things-data-writer-15] o.j.p.t.data.LocalFileThingsDataManager  : flushing thing data, in memory size:0
2026-05-06T20:09:54.625+08:00  INFO 6877 --- [jetlinks-platform] [things-data-writer-15] o.j.p.t.data.LocalFileThingsDataManager  : flushing thing data complete 1ms, in memory size:0
2026-05-06T20:09:56.306+08:00  INFO 6877 --- [jetlinks-platform] [boundedElastic-3] o.j.pro.tracing.LocalTracingService      : flush tracing data...
2026-05-06T20:09:56.307+08:00  INFO 6877 --- [jetlinks-platform] [boundedElastic-3] o.j.pro.tracing.LocalTracingService      : flush tracing data complete,size 0,use time 0
2026-05-06T20:10:24.625+08:00  INFO 6877 --- [jetlinks-platform] [things-data-writer-15] o.j.p.t.data.LocalFileThingsDataManager  : flushing thing data, in memory size:0
2026-05-06T20:10:24.625+08:00  INFO 6877 --- [jetlinks-platform] [things-data-writer-15] o.j.p.t.data.LocalFileThingsDataManager  : flushing thing data complete 0ms, in memory size:0
2026-05-06T20:10:26.305+08:00  INFO 6877 --- [jetlinks-platform] [boundedElastic-3] o.j.pro.tracing.LocalTracingService      : flush tracing data...
2026-05-06T20:10:26.306+08:00  INFO 6877 --- [jetlinks-platform] [boundedElastic-3] o.j.pro.tracing.LocalTracingService      : flush tracing data complete,size 0,use time 1
2026-05-06T20:10:54.624+08:00  INFO 6877 --- [jetlinks-platform] [things-data-writer-15] o.j.p.t.data.LocalFileThingsDataManager  : flushing thing data, in memory size:0
2026-05-06T20:10:54.624+08:00  INFO 6877 --- [jetlinks-platform] [things-data-writer-15] o.j.p.t.data.LocalFileThingsDataManager  : flushing thing data complete 0ms, in memory size:0
2026-05-06T20:10:56.305+08:00  INFO 6877 --- [jetlinks-platform] [boundedElastic-3] o.j.pro.tracing.LocalTracingService      : flush tracing data...
2026-05-06T20:10:56.305+08:00  INFO 6877 --- [jetlinks-platform] [boundedElastic-3] o.j.pro.tracing.LocalTracingService      : flush tracing data complete,size 0,use time 0
2026-05-06T20:11:24.624+08:00  INFO 6877 --- [jetlinks-platform] [things-data-writer-15] o.j.p.t.data.LocalFileThingsDataManager  : flushing thing data, in memory size:0
2026-05-06T20:11:24.625+08:00  INFO 6877 --- [jetlinks-platform] [things-data-writer-15] o.j.p.t.data.LocalFileThingsDataManager  : flushing thing data complete 1ms, in memory size:0
2026-05-06T20:11:26.303+08:00  INFO 6877 --- [jetlinks-platform] [boundedElastic-3] o.j.pro.tracing.LocalTracingService      : flush tracing data...
2026-05-06T20:11:26.304+08:00  INFO 6877 --- [jetlinks-platform] [boundedElastic-3] o.j.pro.tracing.LocalTracingService      : flush tracing data complete,size 0,use time 0
2026-05-06T20:11:54.623+08:00  INFO 6877 --- [jetlinks-platform] [things-data-writer-15] o.j.p.t.data.LocalFileThingsDataManager  : flushing thing data, in memory size:0
2026-05-06T20:11:54.625+08:00  INFO 6877 --- [jetlinks-platform] [things-data-writer-15] o.j.p.t.data.LocalFileThingsDataManager  : flushing thing data complete 2ms, in memory size:0
2026-05-06T20:11:56.304+08:00  INFO 6877 --- [jetlinks-platform] [boundedElastic-3] o.j.pro.tracing.LocalTracingService      : flush tracing data...
2026-05-06T20:11:56.305+08:00  INFO 6877 --- [jetlinks-platform] [boundedElastic-3] o.j.pro.tracing.LocalTracingService      : flush tracing data complete,size 0,use time 0
2026-05-06T20:12:24.623+08:00  INFO 6877 --- [jetlinks-platform] [things-data-writer-15] o.j.p.t.data.LocalFileThingsDataManager  : flushing thing data, in memory size:0
2026-05-06T20:12:24.625+08:00  INFO 6877 --- [jetlinks-platform] [things-data-writer-15] o.j.p.t.data.LocalFileThingsDataManager  : flushing thing data complete 2ms, in memory size:0
2026-05-06T20:12:26.303+08:00  INFO 6877 --- [jetlinks-platform] [boundedElastic-3] o.j.pro.tracing.LocalTracingService      : flush tracing data...
2026-05-06T20:12:26.304+08:00  INFO 6877 --- [jetlinks-platform] [boundedElastic-3] o.j.pro.tracing.LocalTracingService      : flush tracing data complete,size 0,use time 0
2026-05-06T20:12:54.624+08:00  INFO 6877 --- [jetlinks-platform] [things-data-writer-15] o.j.p.t.data.LocalFileThingsDataManager  : flushing thing data, in memory size:0
2026-05-06T20:12:54.625+08:00  INFO 6877 --- [jetlinks-platform] [things-data-writer-15] o.j.p.t.data.LocalFileThingsDataManager  : flushing thing data complete 1ms, in memory size:0
2026-05-06T20:12:56.307+08:00  INFO 6877 --- [jetlinks-platform] [boundedElastic-3] o.j.pro.tracing.LocalTracingService      : flush tracing data...
2026-05-06T20:12:56.307+08:00  INFO 6877 --- [jetlinks-platform] [boundedElastic-3] o.j.pro.tracing.LocalTracingService      : flush tracing data complete,size 0,use time 0
2026-05-06T20:13:24.622+08:00  INFO 6877 --- [jetlinks-platform] [things-data-writer-15] o.j.p.t.data.LocalFileThingsDataManager  : flushing thing data, in memory size:0
2026-05-06T20:13:24.624+08:00  INFO 6877 --- [jetlinks-platform] [things-data-writer-15] o.j.p.t.data.LocalFileThingsDataManager  : flushing thing data complete 2ms, in memory size:0
2026-05-06T20:13:26.303+08:00  INFO 6877 --- [jetlinks-platform] [boundedElastic-3] o.j.pro.tracing.LocalTracingService      : flush tracing data...
2026-05-06T20:13:26.304+08:00  INFO 6877 --- [jetlinks-platform] [boundedElastic-3] o.j.pro.tracing.LocalTracingService      : flush tracing data complete,size 0,use time 0
2026-05-06T20:13:54.624+08:00  INFO 6877 --- [jetlinks-platform] [things-data-writer-15] o.j.p.t.data.LocalFileThingsDataManager  : flushing thing data, in memory size:0
2026-05-06T20:13:54.624+08:00  INFO 6877 --- [jetlinks-platform] [things-data-writer-15] o.j.p.t.data.LocalFileThingsDataManager  : flushing thing data complete 0ms, in memory size:0
2026-05-06T20:13:56.307+08:00  INFO 6877 --- [jetlinks-platform] [boundedElastic-3] o.j.pro.tracing.LocalTracingService      : flush tracing data...
2026-05-06T20:13:56.307+08:00  INFO 6877 --- [jetlinks-platform] [boundedElastic-3] o.j.pro.tracing.LocalTracingService      : flush tracing data complete,size 0,use time 0
2026-05-06T20:14:24.621+08:00  INFO 6877 --- [jetlinks-platform] [things-data-writer-15] o.j.p.t.data.LocalFileThingsDataManager  : flushing thing data, in memory size:0
2026-05-06T20:14:24.621+08:00  INFO 6877 --- [jetlinks-platform] [things-data-writer-15] o.j.p.t.data.LocalFileThingsDataManager  : flushing thing data complete 0ms, in memory size:0
2026-05-06T20:14:26.302+08:00  INFO 6877 --- [jetlinks-platform] [boundedElastic-3] o.j.pro.tracing.LocalTracingService      : flush tracing data...
2026-05-06T20:14:26.303+08:00  INFO 6877 --- [jetlinks-platform] [boundedElastic-3] o.j.pro.tracing.LocalTracingService      : flush tracing data complete,size 0,use time 0
2026-05-06T20:14:54.622+08:00  INFO 6877 --- [jetlinks-platform] [things-data-writer-15] o.j.p.t.data.LocalFileThingsDataManager  : flushing thing data, in memory size:0
2026-05-06T20:14:54.624+08:00  INFO 6877 --- [jetlinks-platform] [things-data-writer-15] o.j.p.t.data.LocalFileThingsDataManager  : flushing thing data complete 2ms, in memory size:0
2026-05-06T20:14:56.303+08:00  INFO 6877 --- [jetlinks-platform] [boundedElastic-3] o.j.pro.tracing.LocalTracingService      : flush tracing data...
2026-05-06T20:14:56.303+08:00  INFO 6877 --- [jetlinks-platform] [boundedElastic-3] o.j.pro.tracing.LocalTracingService      : flush tracing data complete,size 0,use time 0
2026-05-06T20:15:24.622+08:00  INFO 6877 --- [jetlinks-platform] [things-data-writer-15] o.j.p.t.data.LocalFileThingsDataManager  : flushing thing data, in memory size:0
2026-05-06T20:15:24.624+08:00  INFO 6877 --- [jetlinks-platform] [things-data-writer-15] o.j.p.t.data.LocalFileThingsDataManager  : flushing thing data complete 2ms, in memory size:0
2026-05-06T20:15:26.307+08:00  INFO 6877 --- [jetlinks-platform] [boundedElastic-3] o.j.pro.tracing.LocalTracingService      : flush tracing data...
2026-05-06T20:15:26.307+08:00  INFO 6877 --- [jetlinks-platform] [boundedElastic-3] o.j.pro.tracing.LocalTracingService      : flush tracing data complete,size 0,use time 0
2026-05-06T20:15:54.624+08:00  INFO 6877 --- [jetlinks-platform] [things-data-writer-15] o.j.p.t.data.LocalFileThingsDataManager  : flushing thing data, in memory size:0
2026-05-06T20:15:54.625+08:00  INFO 6877 --- [jetlinks-platform] [things-data-writer-15] o.j.p.t.data.LocalFileThingsDataManager  : flushing thing data complete 1ms, in memory size:0
2026-05-06T20:15:56.303+08:00  INFO 6877 --- [jetlinks-platform] [boundedElastic-3] o.j.pro.tracing.LocalTracingService      : flush tracing data...
2026-05-06T20:15:56.303+08:00  INFO 6877 --- [jetlinks-platform] [boundedElastic-3] o.j.pro.tracing.LocalTracingService      : flush tracing data complete,size 0,use time 0
2026-05-06T20:16:24.625+08:00  INFO 6877 --- [jetlinks-platform] [things-data-writer-15] o.j.p.t.data.LocalFileThingsDataManager  : flushing thing data, in memory size:0
2026-05-06T20:16:24.626+08:00  INFO 6877 --- [jetlinks-platform] [things-data-writer-15] o.j.p.t.data.LocalFileThingsDataManager  : flushing thing data complete 1ms, in memory size:0
2026-05-06T20:16:26.305+08:00  INFO 6877 --- [jetlinks-platform] [boundedElastic-3] o.j.pro.tracing.LocalTracingService      : flush tracing data...
2026-05-06T20:16:26.306+08:00  INFO 6877 --- [jetlinks-platform] [boundedElastic-3] o.j.pro.tracing.LocalTracingService      : flush tracing data complete,size 0,use time 0
2026-05-06T20:16:54.624+08:00  INFO 6877 --- [jetlinks-platform] [things-data-writer-15] o.j.p.t.data.LocalFileThingsDataManager  : flushing thing data, in memory size:0
2026-05-06T20:16:54.626+08:00  INFO 6877 --- [jetlinks-platform] [things-data-writer-15] o.j.p.t.data.LocalFileThingsDataManager  : flushing thing data complete 2ms, in memory size:0
2026-05-06T20:16:56.308+08:00  INFO 6877 --- [jetlinks-platform] [boundedElastic-3] o.j.pro.tracing.LocalTracingService      : flush tracing data...
2026-05-06T20:16:56.308+08:00  INFO 6877 --- [jetlinks-platform] [boundedElastic-3] o.j.pro.tracing.LocalTracingService      : flush tracing data complete,size 0,use time 0
2026-05-06T20:17:24.624+08:00  INFO 6877 --- [jetlinks-platform] [things-data-writer-15] o.j.p.t.data.LocalFileThingsDataManager  : flushing thing data, in memory size:0
2026-05-06T20:17:24.625+08:00  INFO 6877 --- [jetlinks-platform] [things-data-writer-15] o.j.p.t.data.LocalFileThingsDataManager  : flushing thing data complete 1ms, in memory size:0
2026-05-06T20:17:26.307+08:00  INFO 6877 --- [jetlinks-platform] [boundedElastic-3] o.j.pro.tracing.LocalTracingService      : flush tracing data...
2026-05-06T20:17:26.307+08:00  INFO 6877 --- [jetlinks-platform] [boundedElastic-3] o.j.pro.tracing.LocalTracingService      : flush tracing data complete,size 0,use time 0
2026-05-06T20:17:54.623+08:00  INFO 6877 --- [jetlinks-platform] [things-data-writer-15] o.j.p.t.data.LocalFileThingsDataManager  : flushing thing data, in memory size:0
2026-05-06T20:17:54.624+08:00  INFO 6877 --- [jetlinks-platform] [things-data-writer-15] o.j.p.t.data.LocalFileThingsDataManager  : flushing thing data complete 1ms, in memory size:0
2026-05-06T20:17:56.307+08:00  INFO 6877 --- [jetlinks-platform] [boundedElastic-3] o.j.pro.tracing.LocalTracingService      : flush tracing data...
2026-05-06T20:17:56.307+08:00  INFO 6877 --- [jetlinks-platform] [boundedElastic-3] o.j.pro.tracing.LocalTracingService      : flush tracing data complete,size 0,use time 0
2026-05-06T20:18:24.625+08:00  INFO 6877 --- [jetlinks-platform] [things-data-writer-15] o.j.p.t.data.LocalFileThingsDataManager  : flushing thing data, in memory size:0
2026-05-06T20:18:24.625+08:00  INFO 6877 --- [jetlinks-platform] [things-data-writer-15] o.j.p.t.data.LocalFileThingsDataManager  : flushing thing data complete 0ms, in memory size:0
2026-05-06T20:18:26.308+08:00  INFO 6877 --- [jetlinks-platform] [boundedElastic-3] o.j.pro.tracing.LocalTracingService      : flush tracing data...
2026-05-06T20:18:26.309+08:00  INFO 6877 --- [jetlinks-platform] [boundedElastic-3] o.j.pro.tracing.LocalTracingService      : flush tracing data complete,size 0,use time 0
2026-05-06T20:18:54.624+08:00  INFO 6877 --- [jetlinks-platform] [things-data-writer-15] o.j.p.t.data.LocalFileThingsDataManager  : flushing thing data, in memory size:0
2026-05-06T20:18:54.625+08:00  INFO 6877 --- [jetlinks-platform] [things-data-writer-15] o.j.p.t.data.LocalFileThingsDataManager  : flushing thing data complete 1ms, in memory size:0
2026-05-06T20:18:56.305+08:00  INFO 6877 --- [jetlinks-platform] [boundedElastic-3] o.j.pro.tracing.LocalTracingService      : flush tracing data...
2026-05-06T20:18:56.306+08:00  INFO 6877 --- [jetlinks-platform] [boundedElastic-3] o.j.pro.tracing.LocalTracingService      : flush tracing data complete,size 0,use time 0
2026-05-06T20:19:24.622+08:00  INFO 6877 --- [jetlinks-platform] [things-data-writer-15] o.j.p.t.data.LocalFileThingsDataManager  : flushing thing data, in memory size:0
2026-05-06T20:19:24.623+08:00  INFO 6877 --- [jetlinks-platform] [things-data-writer-15] o.j.p.t.data.LocalFileThingsDataManager  : flushing thing data complete 1ms, in memory size:0
2026-05-06T20:19:26.305+08:00  INFO 6877 --- [jetlinks-platform] [boundedElastic-3] o.j.pro.tracing.LocalTracingService      : flush tracing data...
2026-05-06T20:19:26.305+08:00  INFO 6877 --- [jetlinks-platform] [boundedElastic-3] o.j.pro.tracing.LocalTracingService      : flush tracing data complete,size 0,use time 0
2026-05-06T23:17:58.783+08:00  INFO 17470 --- [jetlinks-platform] [main] org.jetlinks.pro.Application             : Starting Application using Java 21.0.9 with PID 17470 (/Volumes/minisHd/工作/演示/jetlinks-project-template/bootstrap/target/classes started by cding in /Volumes/minisHd/工作/演示)
2026-05-06T23:17:58.784+08:00  INFO 17470 --- [jetlinks-platform] [main] org.jetlinks.pro.Application             : The following 3 profiles are active: "default", "dev", "local"
2026-05-06T23:18:00.723+08:00  INFO 17470 --- [jetlinks-platform] [main] o.h.web.id.SnowflakeIdGenerator          : worker starting. timestamp left shift 22, datacenter id bits 5, worker id bits 5, sequence bits 12, workerid 7
2026-05-06T23:18:01.271+08:00  INFO 17470 --- [jetlinks-platform] [main] io.scalecube.cluster.ClusterImpl         : [null][doStart] Starting, config: ClusterConfig[metadata=null, metadataTimeout=3000, metadataCodec=io.scalecube.cluster.metadata.JdkMetadataCodec@57f8a3cf, memberAlias='jetlinks-platform:8844', externalHost='127.0.0.1', externalPort=18844, transportConfig=TransportConfig[port=18844, clientSecured=false, connectTimeout=3000, messageCodec=org.jetlinks.pro.configure.cluster.CustomMessageCodec@5713e261, maxFrameLength=2097152, transportFactory=io.scalecube.transport.netty.tcp.TcpTransportFactory@5b6a9ef6, addressMapper=java.util.function.Function$$Lambda/0x000000080100ac68@16bed816], failureDetectorConfig=FailureDetectorConfig[pingInterval=1000, pingTimeout=3000, pingReqMembers=3], gossipConfig=GossipConfig[gossipFanout=3, gossipInterval=200, gossipRepeatMult=3, gossipSegmentationThreshold=1000], membershipConfig=MembershipConfig[seedMembers=[], syncInterval=5000, syncTimeout=20000, suspicionMult=5, namespace='default', removedMembersHistorySize=42]]
2026-05-06T23:18:01.476+08:00  INFO 17470 --- [jetlinks-platform] [sc-cluster-io-kqueue-1] i.s.cluster.transport.api.Transport      : [start][/[0:0:0:0:0:0:0:0]:18844] Bound cluster transport
2026-05-06T23:18:01.490+08:00  INFO 17470 --- [jetlinks-platform] [sc-cluster-io-kqueue-1] io.scalecube.cluster.ClusterImpl         : [default:jetlinks-platform:8844:c300bf1a-847e-45fb-91c7-b16f9a9f9fd5@127.0.0.1:18844][doStart] Started
2026-05-06T23:18:04.825+08:00  INFO 17470 --- [jetlinks-platform] [boundedElastic-3] o.j.p.e.search.ElasticSearchSupport      : register elasticsearch support:class org.jetlinks.pro.elastic.search.ElasticSearch7xSupport
2026-05-06T23:18:05.867+08:00  INFO 17470 --- [jetlinks-platform] [main] c.t.c.g.AbstractImageCaptchaGenerator    : 图片验证码[MultiImageCaptchaGenerator]初始化...
2026-05-06T23:18:06.467+08:00  INFO 17470 --- [jetlinks-platform] [main] org.jetlinks.pro.utils.IpUtils           : ip2region use memory mod,db size:10.56MB
2026-05-06T23:18:06.607+08:00  INFO 17470 --- [jetlinks-platform] [main] o.e.c.elements.config.Configuration      : defaults added UDP.
2026-05-06T23:18:06.609+08:00  INFO 17470 --- [jetlinks-platform] [main] o.e.c.elements.config.Configuration      : defaults added COAP.
2026-05-06T23:18:06.610+08:00  INFO 17470 --- [jetlinks-platform] [main] o.e.c.elements.config.Configuration      : defaults added TCP.
2026-05-06T23:18:10.854+08:00  INFO 17470 --- [jetlinks-platform] [main] o.h.web.starter.i18n.I18nConfiguration   : register i18n message resource i18n/common-component/messages_en.properties -> messages
2026-05-06T23:18:10.855+08:00  INFO 17470 --- [jetlinks-platform] [main] o.h.web.starter.i18n.I18nConfiguration   : register i18n message resource i18n/common-component/messages_zh.properties -> messages
2026-05-06T23:18:10.855+08:00  INFO 17470 --- [jetlinks-platform] [main] o.h.web.starter.i18n.I18nConfiguration   : register i18n message resource i18n/jetlinks-core/messages_en.properties -> messages
2026-05-06T23:18:10.855+08:00  INFO 17470 --- [jetlinks-platform] [main] o.h.web.starter.i18n.I18nConfiguration   : register i18n message resource i18n/jetlinks-core/messages_zh.properties -> messages
2026-05-06T23:18:10.855+08:00  INFO 17470 --- [jetlinks-platform] [main] o.h.web.starter.i18n.I18nConfiguration   : register i18n message resource i18n/authentication/messages_en.properties -> messages
2026-05-06T23:18:10.855+08:00  INFO 17470 --- [jetlinks-platform] [main] o.h.web.starter.i18n.I18nConfiguration   : register i18n message resource i18n/authentication/messages_zh.properties -> messages
2026-05-06T23:18:10.855+08:00  INFO 17470 --- [jetlinks-platform] [main] o.h.web.starter.i18n.I18nConfiguration   : register i18n message resource i18n/jetlinks-sdk-api/messages_en.properties -> messages
2026-05-06T23:18:10.855+08:00  INFO 17470 --- [jetlinks-platform] [main] o.h.web.starter.i18n.I18nConfiguration   : register i18n message resource i18n/jetlinks-sdk-api/messages_zh.properties -> messages
2026-05-06T23:18:10.855+08:00  INFO 17470 --- [jetlinks-platform] [main] o.h.web.starter.i18n.I18nConfiguration   : register i18n message resource i18n/datasource-manager/messages_en.properties -> messages
2026-05-06T23:18:10.855+08:00  INFO 17470 --- [jetlinks-platform] [main] o.h.web.starter.i18n.I18nConfiguration   : register i18n message resource i18n/datasource-manager/messages_zh.properties -> messages
2026-05-06T23:18:10.855+08:00  INFO 17470 --- [jetlinks-platform] [main] o.h.web.starter.i18n.I18nConfiguration   : register i18n message resource i18n/datasource/messages_en.properties -> messages
2026-05-06T23:18:10.855+08:00  INFO 17470 --- [jetlinks-platform] [main] o.h.web.starter.i18n.I18nConfiguration   : register i18n message resource i18n/datasource/messages_zh.properties -> messages
2026-05-06T23:18:10.855+08:00  INFO 17470 --- [jetlinks-platform] [main] o.h.web.starter.i18n.I18nConfiguration   : register i18n message resource i18n/assets-component/messages_en.properties -> messages
2026-05-06T23:18:10.855+08:00  INFO 17470 --- [jetlinks-platform] [main] o.h.web.starter.i18n.I18nConfiguration   : register i18n message resource i18n/assets-component/messages_zh.properties -> messages
2026-05-06T23:18:10.855+08:00  INFO 17470 --- [jetlinks-platform] [main] o.h.web.starter.i18n.I18nConfiguration   : register i18n message resource i18n/rule-engine-component/messages_en.properties -> messages
2026-05-06T23:18:10.855+08:00  INFO 17470 --- [jetlinks-platform] [main] o.h.web.starter.i18n.I18nConfiguration   : register i18n message resource i18n/rule-engine-component/messages_zh.properties -> messages
2026-05-06T23:18:10.855+08:00  INFO 17470 --- [jetlinks-platform] [main] o.h.web.starter.i18n.I18nConfiguration   : register i18n message resource i18n/dashboard-component/messages_en.properties -> messages
2026-05-06T23:18:10.855+08:00  INFO 17470 --- [jetlinks-platform] [main] o.h.web.starter.i18n.I18nConfiguration   : register i18n message resource i18n/dashboard-component/messages_zh.properties -> messages
2026-05-06T23:18:10.855+08:00  INFO 17470 --- [jetlinks-platform] [main] o.h.web.starter.i18n.I18nConfiguration   : register i18n message resource i18n/io-component/messages_en.properties -> messages
2026-05-06T23:18:10.855+08:00  INFO 17470 --- [jetlinks-platform] [main] o.h.web.starter.i18n.I18nConfiguration   : register i18n message resource i18n/io-component/messages_zh.properties -> messages
2026-05-06T23:18:10.856+08:00  INFO 17470 --- [jetlinks-platform] [main] o.h.web.starter.i18n.I18nConfiguration   : register i18n message resource i18n/script-component/messages_en.properties -> messages
2026-05-06T23:18:10.856+08:00  INFO 17470 --- [jetlinks-platform] [main] o.h.web.starter.i18n.I18nConfiguration   : register i18n message resource i18n/script-component/messages_zh.properties -> messages
2026-05-06T23:18:10.856+08:00  INFO 17470 --- [jetlinks-platform] [main] o.h.web.starter.i18n.I18nConfiguration   : register i18n message resource i18n/rule-engine-manager/messages_en.properties -> messages
2026-05-06T23:18:10.856+08:00  INFO 17470 --- [jetlinks-platform] [main] o.h.web.starter.i18n.I18nConfiguration   : register i18n message resource i18n/rule-engine-manager/messages_zh.properties -> messages
2026-05-06T23:18:10.856+08:00  INFO 17470 --- [jetlinks-platform] [main] o.h.web.starter.i18n.I18nConfiguration   : register i18n message resource i18n/relation-component/messages_en.properties -> messages
2026-05-06T23:18:10.856+08:00  INFO 17470 --- [jetlinks-platform] [main] o.h.web.starter.i18n.I18nConfiguration   : register i18n message resource i18n/relation-component/messages_zh.properties -> messages
2026-05-06T23:18:10.856+08:00  INFO 17470 --- [jetlinks-platform] [main] o.h.web.starter.i18n.I18nConfiguration   : register i18n message resource i18n/things-component/messages_en.properties -> messages
2026-05-06T23:18:10.856+08:00  INFO 17470 --- [jetlinks-platform] [main] o.h.web.starter.i18n.I18nConfiguration   : register i18n message resource i18n/things-component/messages_zh.properties -> messages
2026-05-06T23:18:10.856+08:00  INFO 17470 --- [jetlinks-platform] [main] o.h.web.starter.i18n.I18nConfiguration   : register i18n message resource i18n/notify-component/messages_en.properties -> messages
2026-05-06T23:18:10.856+08:00  INFO 17470 --- [jetlinks-platform] [main] o.h.web.starter.i18n.I18nConfiguration   : register i18n message resource i18n/notify-component/messages_zh.properties -> messages
2026-05-06T23:18:10.856+08:00  INFO 17470 --- [jetlinks-platform] [main] o.h.web.starter.i18n.I18nConfiguration   : register i18n message resource i18n/logging-manager/messages_en.properties -> messages
2026-05-06T23:18:10.856+08:00  INFO 17470 --- [jetlinks-platform] [main] o.h.web.starter.i18n.I18nConfiguration   : register i18n message resource i18n/logging-manager/messages_zh.properties -> messages
2026-05-06T23:18:10.856+08:00  INFO 17470 --- [jetlinks-platform] [main] o.h.web.starter.i18n.I18nConfiguration   : register i18n message resource i18n/authentication-manager/messages_en.properties -> messages
2026-05-06T23:18:10.856+08:00  INFO 17470 --- [jetlinks-platform] [main] o.h.web.starter.i18n.I18nConfiguration   : register i18n message resource i18n/authentication-manager/messages_zh.properties -> messages
2026-05-06T23:18:10.856+08:00  INFO 17470 --- [jetlinks-platform] [main] o.h.web.starter.i18n.I18nConfiguration   : register i18n message resource i18n/authentication-default/messages_en.properties -> messages
2026-05-06T23:18:10.856+08:00  INFO 17470 --- [jetlinks-platform] [main] o.h.web.starter.i18n.I18nConfiguration   : register i18n message resource i18n/authentication-default/messages_zh.properties -> messages
2026-05-06T23:18:10.856+08:00  INFO 17470 --- [jetlinks-platform] [main] o.h.web.starter.i18n.I18nConfiguration   : register i18n message resource i18n/application-component/messages_en.properties -> messages
2026-05-06T23:18:10.856+08:00  INFO 17470 --- [jetlinks-platform] [main] o.h.web.starter.i18n.I18nConfiguration   : register i18n message resource i18n/application-component/messages_zh.properties -> messages
2026-05-06T23:18:10.856+08:00  INFO 17470 --- [jetlinks-platform] [main] o.h.web.starter.i18n.I18nConfiguration   : register i18n message resource i18n/network-manager/messages_en.properties -> messages
2026-05-06T23:18:10.856+08:00  INFO 17470 --- [jetlinks-platform] [main] o.h.web.starter.i18n.I18nConfiguration   : register i18n message resource i18n/network-manager/messages_zh.properties -> messages
2026-05-06T23:18:10.856+08:00  INFO 17470 --- [jetlinks-platform] [main] o.h.web.starter.i18n.I18nConfiguration   : register i18n message resource i18n/network-core/messages_en.properties -> messages
2026-05-06T23:18:10.856+08:00  INFO 17470 --- [jetlinks-platform] [main] o.h.web.starter.i18n.I18nConfiguration   : register i18n message resource i18n/network-core/messages_zh.properties -> messages
2026-05-06T23:18:10.856+08:00  INFO 17470 --- [jetlinks-platform] [main] o.h.web.starter.i18n.I18nConfiguration   : register i18n message resource i18n/udp-component/messages_en.properties -> messages
2026-05-06T23:18:10.856+08:00  INFO 17470 --- [jetlinks-platform] [main] o.h.web.starter.i18n.I18nConfiguration   : register i18n message resource i18n/udp-component/messages_zh.properties -> messages
2026-05-06T23:18:10.856+08:00  INFO 17470 --- [jetlinks-platform] [main] o.h.web.starter.i18n.I18nConfiguration   : register i18n message resource i18n/device-manager/messages_en.properties -> messages
2026-05-06T23:18:10.856+08:00  INFO 17470 --- [jetlinks-platform] [main] o.h.web.starter.i18n.I18nConfiguration   : register i18n message resource i18n/device-manager/messages_zh.properties -> messages
2026-05-06T23:18:10.856+08:00  INFO 17470 --- [jetlinks-platform] [main] o.h.web.starter.i18n.I18nConfiguration   : register i18n message resource i18n/collector/messages_en.properties -> messages
2026-05-06T23:18:10.856+08:00  INFO 17470 --- [jetlinks-platform] [main] o.h.web.starter.i18n.I18nConfiguration   : register i18n message resource i18n/collector/messages_zh.properties -> messages
2026-05-06T23:18:10.856+08:00  INFO 17470 --- [jetlinks-platform] [main] o.h.web.starter.i18n.I18nConfiguration   : register i18n message resource i18n/plugin-component/messages_en.properties -> messages
2026-05-06T23:18:10.856+08:00  INFO 17470 --- [jetlinks-platform] [main] o.h.web.starter.i18n.I18nConfiguration   : register i18n message resource i18n/plugin-component/messages_zh.properties -> messages
2026-05-06T23:18:10.856+08:00  INFO 17470 --- [jetlinks-platform] [main] o.h.web.starter.i18n.I18nConfiguration   : register i18n message resource i18n/geo-component/messages_en.properties -> messages
2026-05-06T23:18:10.856+08:00  INFO 17470 --- [jetlinks-platform] [main] o.h.web.starter.i18n.I18nConfiguration   : register i18n message resource i18n/geo-component/messages_zh.properties -> messages
2026-05-06T23:18:10.857+08:00  INFO 17470 --- [jetlinks-platform] [main] o.h.web.starter.i18n.I18nConfiguration   : register i18n message resource i18n/notify-manager/messages_en.properties -> messages
2026-05-06T23:18:10.857+08:00  INFO 17470 --- [jetlinks-platform] [main] o.h.web.starter.i18n.I18nConfiguration   : register i18n message resource i18n/notify-manager/messages_zh.properties -> messages
2026-05-06T23:18:10.857+08:00  INFO 17470 --- [jetlinks-platform] [main] o.h.web.starter.i18n.I18nConfiguration   : register i18n message resource i18n/messages_en.properties -> messages
2026-05-06T23:18:10.857+08:00  INFO 17470 --- [jetlinks-platform] [main] o.h.web.starter.i18n.I18nConfiguration   : register i18n message resource i18n/messages_zh.properties -> messages
2026-05-06T23:18:10.857+08:00  INFO 17470 --- [jetlinks-platform] [main] o.h.web.starter.i18n.I18nConfiguration   : register i18n message resource i18n/notify-dingtalk/messages_en.properties -> messages
2026-05-06T23:18:10.857+08:00  INFO 17470 --- [jetlinks-platform] [main] o.h.web.starter.i18n.I18nConfiguration   : register i18n message resource i18n/notify-dingtalk/messages_zh.properties -> messages
2026-05-06T23:18:10.857+08:00  INFO 17470 --- [jetlinks-platform] [main] o.h.web.starter.i18n.I18nConfiguration   : register i18n message resource i18n/notify-wechat/messages_en.properties -> messages
2026-05-06T23:18:10.857+08:00  INFO 17470 --- [jetlinks-platform] [main] o.h.web.starter.i18n.I18nConfiguration   : register i18n message resource i18n/notify-wechat/messages_zh.properties -> messages
2026-05-06T23:18:10.857+08:00  INFO 17470 --- [jetlinks-platform] [main] o.h.web.starter.i18n.I18nConfiguration   : register i18n message resource i18n/commons/messages_en.properties -> messages
2026-05-06T23:18:10.857+08:00  INFO 17470 --- [jetlinks-platform] [main] o.h.web.starter.i18n.I18nConfiguration   : register i18n message resource i18n/commons/messages_zh.properties -> messages
2026-05-06T23:18:10.857+08:00  INFO 17470 --- [jetlinks-platform] [main] o.h.web.starter.i18n.I18nConfiguration   : register i18n message resource i18n/dictionary/messages_en.properties -> messages
2026-05-06T23:18:10.857+08:00  INFO 17470 --- [jetlinks-platform] [main] o.h.web.starter.i18n.I18nConfiguration   : register i18n message resource i18n/dictionary/messages_zh.properties -> messages
2026-05-06T23:18:10.857+08:00  INFO 17470 --- [jetlinks-platform] [main] o.h.web.starter.i18n.I18nConfiguration   : register i18n message resource i18n/core/messages_en.properties -> messages
2026-05-06T23:18:10.857+08:00  INFO 17470 --- [jetlinks-platform] [main] o.h.web.starter.i18n.I18nConfiguration   : register i18n message resource i18n/core/messages_zh.properties -> messages
2026-05-06T23:18:10.857+08:00  INFO 17470 --- [jetlinks-platform] [main] o.h.web.starter.i18n.I18nConfiguration   : register i18n message resource i18n/function-component/messages_en.properties -> messages
2026-05-06T23:18:10.857+08:00  INFO 17470 --- [jetlinks-platform] [main] o.h.web.starter.i18n.I18nConfiguration   : register i18n message resource i18n/function-component/messages_zh.properties -> messages
2026-05-06T23:18:10.857+08:00  INFO 17470 --- [jetlinks-platform] [main] o.h.web.starter.i18n.I18nConfiguration   : register i18n message resource i18n/visualization-manager/messages_en.properties -> messages
2026-05-06T23:18:10.857+08:00  INFO 17470 --- [jetlinks-platform] [main] o.h.web.starter.i18n.I18nConfiguration   : register i18n message resource i18n/visualization-manager/messages_zh.properties -> messages
2026-05-06T23:18:10.857+08:00  INFO 17470 --- [jetlinks-platform] [main] o.h.web.starter.i18n.I18nConfiguration   : register i18n message resource i18n/jetlinks-media/messages_en.properties -> messages
2026-05-06T23:18:10.857+08:00  INFO 17470 --- [jetlinks-platform] [main] o.h.web.starter.i18n.I18nConfiguration   : register i18n message resource i18n/jetlinks-media/messages_zh.properties -> messages
2026-05-06T23:18:11.959+08:00  WARN 17470 --- [jetlinks-platform] [main] o.s.c.annotation.AnnotationTypeMapping   : Support for convention-based annotation attribute overrides is deprecated and will be removed in Spring Framework 7.0. Please annotate the following attributes in @org.jetlinks.sdk.server.ui.field.annotation.field.form.QueryComponent with appropriate @AliasFor declarations: [key]
2026-05-06T23:18:13.689+08:00  INFO 17470 --- [jetlinks-platform] [main] o.j.p.c.metadata.ClusterMetadataManager  : register cluster metadata, size:1
2026-05-06T23:18:13.692+08:00  INFO 17470 --- [jetlinks-platform] [main] o.h.w.a.b.aop.AopAuthorizingController   : publish AuthorizeDefinitionInitializedEvent,definition size:1669
2026-05-06T23:18:13.796+08:00  INFO 17470 --- [jetlinks-platform] [main] o.h.w.d.c.DictionaryProperties           : scan enum dict package:classpath*:org/jetlinks/**/*.class
2026-05-06T23:18:14.533+08:00  INFO 17470 --- [jetlinks-platform] [main] o.h.w.d.c.DictionaryProperties           : scan enum dict package:classpath*:org/hswebframework/web/**/*.class
2026-05-06T23:18:15.753+08:00  INFO 17470 --- [jetlinks-platform] [main] org.jetlinks.pro.Application             : Started Application in 17.501 seconds (process running for 18.107)
2026-05-06T23:18:15.774+08:00  INFO 17470 --- [jetlinks-platform] [main] o.j.p.c.metadata.ClusterMetadataManager  : register cluster metadata, size:1
2026-05-06T23:18:15.797+08:00  INFO 17470 --- [jetlinks-platform] [main] o.j.p.c.metadata.ClusterMetadataManager  : register cluster metadata, size:1
2026-05-06T23:18:15.814+08:00  INFO 17470 --- [jetlinks-platform] [main] o.j.p.c.metadata.ClusterMetadataManager  : register cluster metadata, size:1
2026-05-06T23:18:16.739+08:00  INFO 17470 --- [jetlinks-platform] [main] o.j.p.c.metadata.ClusterMetadataManager  : register cluster metadata, size:1
2026-05-06T23:18:17.016+08:00  INFO 17470 --- [jetlinks-platform] [lettuce-eventExecutorLoop-5-1] o.h.w.d.s.CompositeDictDefineRepository  : clear all dic cache success
2026-05-06T23:18:17.332+08:00  INFO 17470 --- [jetlinks-platform] [reactor-tcp-kqueue-4] o.h.w.s.a.d.s.PermissionSynchronization  : sync permission success:added 0,updated 78,total 78
2026-05-06T23:18:25.805+08:00  INFO 17470 --- [jetlinks-platform] [parallel-4] .j.p.c.d.PersistenceDeviceSessionManager : load device session cost 5ms
2026-05-06T23:18:36.686+08:00  INFO 17470 --- [jetlinks-platform] [things-data-writer-16] o.j.p.t.data.LocalFileThingsDataManager  : flushing thing data, in memory size:0
2026-05-06T23:18:36.687+08:00  INFO 17470 --- [jetlinks-platform] [things-data-writer-16] o.j.p.t.data.LocalFileThingsDataManager  : flushing thing data complete 1ms, in memory size:0
2026-05-06T23:19:06.682+08:00  INFO 17470 --- [jetlinks-platform] [things-data-writer-16] o.j.p.t.data.LocalFileThingsDataManager  : flushing thing data, in memory size:0
2026-05-06T23:19:06.683+08:00  INFO 17470 --- [jetlinks-platform] [things-data-writer-16] o.j.p.t.data.LocalFileThingsDataManager  : flushing thing data complete 1ms, in memory size:0
2026-05-06T23:19:08.494+08:00  INFO 17470 --- [jetlinks-platform] [boundedElastic-3] o.j.pro.tracing.LocalTracingService      : flush tracing data...
2026-05-06T23:19:08.495+08:00  INFO 17470 --- [jetlinks-platform] [boundedElastic-3] o.j.pro.tracing.LocalTracingService      : flush tracing data complete,size 0,use time 0
2026-05-06T23:19:25.985+08:00  INFO 17577 --- [jetlinks-platform] [main] org.jetlinks.pro.Application             : Starting Application using Java 21.0.9 with PID 17577 (/Volumes/minisHd/工作/演示/jetlinks-project-template/bootstrap/target/classes started by cding in /Volumes/minisHd/工作/演示)
2026-05-06T23:19:25.985+08:00  INFO 17577 --- [jetlinks-platform] [main] org.jetlinks.pro.Application             : The following 3 profiles are active: "default", "dev", "local"
2026-05-06T23:19:27.622+08:00  INFO 17577 --- [jetlinks-platform] [main] o.h.web.id.SnowflakeIdGenerator          : worker starting. timestamp left shift 22, datacenter id bits 5, worker id bits 5, sequence bits 12, workerid 0
2026-05-06T23:19:28.036+08:00  INFO 17577 --- [jetlinks-platform] [main] io.scalecube.cluster.ClusterImpl         : [null][doStart] Starting, config: ClusterConfig[metadata=null, metadataTimeout=3000, metadataCodec=io.scalecube.cluster.metadata.JdkMetadataCodec@7d6e2366, memberAlias='jetlinks-platform:8844', externalHost='127.0.0.1', externalPort=18844, transportConfig=TransportConfig[port=18844, clientSecured=false, connectTimeout=3000, messageCodec=org.jetlinks.pro.configure.cluster.CustomMessageCodec@357f0cc9, maxFrameLength=2097152, transportFactory=io.scalecube.transport.netty.tcp.TcpTransportFactory@57f8a3cf, addressMapper=java.util.function.Function$$Lambda/0x000000f80100ac68@5713e261], failureDetectorConfig=FailureDetectorConfig[pingInterval=1000, pingTimeout=3000, pingReqMembers=3], gossipConfig=GossipConfig[gossipFanout=3, gossipInterval=200, gossipRepeatMult=3, gossipSegmentationThreshold=1000], membershipConfig=MembershipConfig[seedMembers=[], syncInterval=5000, syncTimeout=20000, suspicionMult=5, namespace='default', removedMembersHistorySize=42]]
2026-05-06T23:19:28.307+08:00  INFO 17577 --- [jetlinks-platform] [sc-cluster-io-kqueue-1] i.s.cluster.transport.api.Transport      : [start][/[0:0:0:0:0:0:0:0]:18844] Bound cluster transport
2026-05-06T23:19:28.317+08:00  INFO 17577 --- [jetlinks-platform] [sc-cluster-io-kqueue-1] io.scalecube.cluster.ClusterImpl         : [default:jetlinks-platform:8844:3e2aff93-ef7f-4e44-8535-79fd3bce1a2b@127.0.0.1:18844][doStart] Started
2026-05-06T23:19:29.041+08:00  WARN 17577 --- [jetlinks-platform] [main] onfigReactiveWebServerApplicationContext : Exception encountered during context initialization - cancelling refresh attempt: org.springframework.beans.factory.UnsatisfiedDependencyException: Error creating bean with name 'assetBindController' defined in class path resource [org/jetlinks/pro/assets/impl/web/AssetBindController.class]: Unsatisfied dependency expressed through constructor parameter 0: Error creating bean with name 'assetBindManager' defined in class path resource [org/jetlinks/pro/assets/AssetsConfiguration.class]: Failed to instantiate [org.jetlinks.pro.assets.CompositeAssetBindManager]: Factory method 'assetBindManager' threw exception with message: Error creating bean with name 'dimensionAssetBindManager' defined in class path resource [org/jetlinks/pro/assets/impl/DimensionAssetBindManager.class]: Unsatisfied dependency expressed through constructor parameter 0: Error creating bean with name 'DimensionAssetBindingEntityReactiveRepository': Unsatisfied dependency expressed through bean property 'operator': Error creating bean with name 'databaseOperator' defined in class path resource [org/hswebframework/web/crud/configuration/EasyormConfiguration.class]: Unsatisfied dependency expressed through method 'databaseOperator' parameter 0: Error creating bean with name 'databaseMetadata' defined in class path resource [org/hswebframework/web/crud/configuration/EasyormConfiguration.class]: Failed to instantiate [org.hswebframework.ezorm.rdb.metadata.RDBDatabaseMetadata]: Factory method 'databaseMetadata' threw exception with message: Could not open R2DBC Connection for transaction
2026-05-06T23:19:29.047+08:00  INFO 17577 --- [jetlinks-platform] [main] o.jetlinks.pro.cluster.ClusterEventBus   : shutdown eventbus
2026-05-06T23:19:29.049+08:00  INFO 17577 --- [jetlinks-platform] [main] io.scalecube.cluster.ClusterImpl         : [default:jetlinks-platform:8844:3e2aff93-ef7f-4e44-8535-79fd3bce1a2b@127.0.0.1:18844][doShutdown] Shutting down
2026-05-06T23:19:29.050+08:00  INFO 17577 --- [jetlinks-platform] [main] io.scalecube.cluster.ClusterImpl         : [default:jetlinks-platform:8844:3e2aff93-ef7f-4e44-8535-79fd3bce1a2b@127.0.0.1:18844][leaveCluster] Leaving cluster
2026-05-06T23:19:29.071+08:00  WARN 17577 --- [jetlinks-platform] [main] .w.c.e.DatabaseExceptionAnalyzerReporter : 
=================================
请先手动创建数据库,数据库名不能包含只能由`数字字母下划线`组成.
=================================

io.r2dbc.postgresql.ExceptionFactory$PostgresqlNonTransientResourceException: [3D000] database "jetlinks-yanshi" does not exist
	...1 frames excluded
Suppressed: The stacktrace has been enhanced by Reactor, refer to additional information below: 
Assembly trace from producer [reactor.core.publisher.FluxHandleFuseable] :
	reactor.core.publisher.Flux.handle
	io.r2dbc.postgresql.SingleHostConnectionFunction.lambda$connect$2(SingleHostConnectionFunction.java:51)
Error has been observed at the following site(s):
	*________Flux.handle ⇢ at io.r2dbc.postgresql.SingleHostConnectionFunction.lambda$connect$2(SingleHostConnectionFunction.java:51)
	*____Mono.delayUntil ⇢ at io.r2dbc.postgresql.SingleHostConnectionFunction.connect(SingleHostConnectionFunction.java:48)
	|_                   ⇢ at io.r2dbc.postgresql.SingleHostConnectionStrategy.connect(SingleHostConnectionStrategy.java:41)
	|_      Mono.flatMap ⇢ at io.r2dbc.postgresql.PostgresqlConnectionFactory.doCreateConnection(PostgresqlConnectionFactory.java:132)
	|_   Mono.onErrorMap ⇢ at io.r2dbc.postgresql.PostgresqlConnectionFactory.doCreateConnection(PostgresqlConnectionFactory.java:153)
	|_         Mono.flux ⇢ at io.r2dbc.postgresql.PostgresqlConnectionFactory.doCreateConnection(PostgresqlConnectionFactory.java:154)
	|_                   ⇢ at io.r2dbc.postgresql.util.Operators.discardOnCancel(Operators.java:43)
	|_       Flux.single ⇢ at io.r2dbc.postgresql.PostgresqlConnectionFactory.doCreateConnection(PostgresqlConnectionFactory.java:156)
	|_  Mono.doOnDiscard ⇢ at io.r2dbc.postgresql.PostgresqlConnectionFactory.doCreateConnection(PostgresqlConnectionFactory.java:157)
	|_         Mono.cast ⇢ at io.r2dbc.postgresql.PostgresqlConnectionFactory.create(PostgresqlConnectionFactory.java:107)
	|_         Mono.from ⇢ at io.r2dbc.pool.ConnectionPool.createConnectionPool(ConnectionPool.java:254)
	|_         Mono.name ⇢ at io.r2dbc.pool.ConnectionPool.createConnectionPool(ConnectionPool.java:254)
	|_  Mono.subscribeOn ⇢ at io.r2dbc.pool.ConnectionPool.createConnectionPool(ConnectionPool.java:257)
	|_         Mono.from ⇢ at reactor.pool.PoolBuilder.from(PoolBuilder.java:63)
	|_                   ⇢ at reactor.pool.DefaultPoolConfig.allocator(DefaultPoolConfig.java:123)
	|_     Mono.doOnEach ⇢ at reactor.pool.SimpleDequePool.drainLoop(SimpleDequePool.java:429)
	|_ Mono.contextWrite ⇢ at reactor.pool.SimpleDequePool.drainLoop(SimpleDequePool.java:445)
	*___________________ ⇢ at reactor.pool.SimpleDequePool.acquire(SimpleDequePool.java:114)
	|_      Mono.flatMap ⇢ at io.r2dbc.pool.ConnectionPool.lambda$new$11(ConnectionPool.java:107)
	|_         Mono.name ⇢ at io.r2dbc.pool.ConnectionPool.lambda$new$11(ConnectionPool.java:142)
	*_________Mono.defer ⇢ at io.r2dbc.pool.ConnectionPool.<init>(ConnectionPool.java:104)
	|_        Mono.retry ⇢ at io.r2dbc.pool.ConnectionPool.<init>(ConnectionPool.java:167)
	|_                   ⇢ at io.r2dbc.pool.ConnectionPool.create(ConnectionPool.java:327)
	|_         Mono.from ⇢ at org.springframework.r2dbc.connection.R2dbcTransactionManager.lambda$doBegin$6(R2dbcTransactionManager.java:199)
	|_     Mono.doOnNext ⇢ at org.springframework.r2dbc.connection.R2dbcTransactionManager.lambda$doBegin$6(R2dbcTransactionManager.java:200)
	|_      Mono.flatMap ⇢ at org.springframework.r2dbc.connection.R2dbcTransactionManager.lambda$doBegin$6(R2dbcTransactionManager.java:212)
Original Stack Trace:
	...42 frames excluded
2026-05-06T23:19:29.921+08:00  INFO 17577 --- [jetlinks-platform] [sc-cluster-18844-2] io.scalecube.cluster.ClusterImpl         : [default:jetlinks-platform:8844:3e2aff93-ef7f-4e44-8535-79fd3bce1a2b@127.0.0.1:18844][leaveCluster] Left cluster
2026-05-06T23:19:29.921+08:00  INFO 17577 --- [jetlinks-platform] [sc-cluster-18844-2] i.s.cluster.transport.api.Transport      : [127.0.0.1:18844][doStop] Stopping
2026-05-06T23:19:29.922+08:00  INFO 17577 --- [jetlinks-platform] [sc-cluster-18844-2] i.s.cluster.transport.api.Transport      : [127.0.0.1:18844][closeServer] Closing server channel
2026-05-06T23:19:29.922+08:00  INFO 17577 --- [jetlinks-platform] [sc-cluster-io-kqueue-1] i.s.cluster.transport.api.Transport      : [127.0.0.1:18844][closeServer] Closed server channel
2026-05-06T23:19:29.924+08:00  INFO 17577 --- [jetlinks-platform] [sc-cluster-io-kqueue-1] i.s.cluster.transport.api.Transport      : [127.0.0.1:18844][doStop] Stopped
2026-05-06T23:19:29.925+08:00  INFO 17577 --- [jetlinks-platform] [sc-cluster-io-kqueue-1] io.scalecube.cluster.ClusterImpl         : [default:jetlinks-platform:8844:3e2aff93-ef7f-4e44-8535-79fd3bce1a2b@127.0.0.1:18844][doShutdown] Shutdown
2026-05-06T23:19:38.029+08:00  INFO 17589 --- [jetlinks-platform] [main] org.jetlinks.pro.Application             : Starting Application using Java 21.0.9 with PID 17589 (/Volumes/minisHd/工作/演示/jetlinks-project-template/bootstrap/target/classes started by cding in /Volumes/minisHd/工作/演示)
2026-05-06T23:19:38.030+08:00  INFO 17589 --- [jetlinks-platform] [main] org.jetlinks.pro.Application             : The following 3 profiles are active: "default", "dev", "local"
2026-05-06T23:19:39.493+08:00  INFO 17589 --- [jetlinks-platform] [main] o.h.web.id.SnowflakeIdGenerator          : worker starting. timestamp left shift 22, datacenter id bits 5, worker id bits 5, sequence bits 12, workerid 26
2026-05-06T23:19:39.862+08:00  INFO 17589 --- [jetlinks-platform] [main] io.scalecube.cluster.ClusterImpl         : [null][doStart] Starting, config: ClusterConfig[metadata=null, metadataTimeout=3000, metadataCodec=io.scalecube.cluster.metadata.JdkMetadataCodec@5b6a9ef6, memberAlias='jetlinks-platform:8844', externalHost='127.0.0.1', externalPort=18844, transportConfig=TransportConfig[port=18844, clientSecured=false, connectTimeout=3000, messageCodec=org.jetlinks.pro.configure.cluster.CustomMessageCodec@16bed816, maxFrameLength=2097152, transportFactory=io.scalecube.transport.netty.tcp.TcpTransportFactory@4cae7d5, addressMapper=java.util.function.Function$$Lambda/0x000000040100ac68@4c821dc7], failureDetectorConfig=FailureDetectorConfig[pingInterval=1000, pingTimeout=3000, pingReqMembers=3], gossipConfig=GossipConfig[gossipFanout=3, gossipInterval=200, gossipRepeatMult=3, gossipSegmentationThreshold=1000], membershipConfig=MembershipConfig[seedMembers=[], syncInterval=5000, syncTimeout=20000, suspicionMult=5, namespace='default', removedMembersHistorySize=42]]
2026-05-06T23:19:40.042+08:00  INFO 17589 --- [jetlinks-platform] [sc-cluster-io-kqueue-1] i.s.cluster.transport.api.Transport      : [start][/[0:0:0:0:0:0:0:0]:18844] Bound cluster transport
2026-05-06T23:19:40.052+08:00  INFO 17589 --- [jetlinks-platform] [sc-cluster-io-kqueue-1] io.scalecube.cluster.ClusterImpl         : [default:jetlinks-platform:8844:d5a0ab79-1705-4adf-badc-fe45aadd42b0@127.0.0.1:18844][doStart] Started
2026-05-06T23:19:40.725+08:00  WARN 17589 --- [jetlinks-platform] [main] onfigReactiveWebServerApplicationContext : Exception encountered during context initialization - cancelling refresh attempt: org.springframework.beans.factory.UnsatisfiedDependencyException: Error creating bean with name 'assetBindController' defined in class path resource [org/jetlinks/pro/assets/impl/web/AssetBindController.class]: Unsatisfied dependency expressed through constructor parameter 0: Error creating bean with name 'assetBindManager' defined in class path resource [org/jetlinks/pro/assets/AssetsConfiguration.class]: Failed to instantiate [org.jetlinks.pro.assets.CompositeAssetBindManager]: Factory method 'assetBindManager' threw exception with message: Error creating bean with name 'dimensionAssetBindManager' defined in class path resource [org/jetlinks/pro/assets/impl/DimensionAssetBindManager.class]: Unsatisfied dependency expressed through constructor parameter 0: Error creating bean with name 'DimensionAssetBindingEntityReactiveRepository': Unsatisfied dependency expressed through bean property 'operator': Error creating bean with name 'databaseOperator' defined in class path resource [org/hswebframework/web/crud/configuration/EasyormConfiguration.class]: Unsatisfied dependency expressed through method 'databaseOperator' parameter 0: Error creating bean with name 'databaseMetadata' defined in class path resource [org/hswebframework/web/crud/configuration/EasyormConfiguration.class]: Failed to instantiate [org.hswebframework.ezorm.rdb.metadata.RDBDatabaseMetadata]: Factory method 'databaseMetadata' threw exception with message: Could not open R2DBC Connection for transaction
2026-05-06T23:19:40.734+08:00  INFO 17589 --- [jetlinks-platform] [main] o.jetlinks.pro.cluster.ClusterEventBus   : shutdown eventbus
2026-05-06T23:19:40.737+08:00  INFO 17589 --- [jetlinks-platform] [main] io.scalecube.cluster.ClusterImpl         : [default:jetlinks-platform:8844:d5a0ab79-1705-4adf-badc-fe45aadd42b0@127.0.0.1:18844][doShutdown] Shutting down
2026-05-06T23:19:40.738+08:00  INFO 17589 --- [jetlinks-platform] [main] io.scalecube.cluster.ClusterImpl         : [default:jetlinks-platform:8844:d5a0ab79-1705-4adf-badc-fe45aadd42b0@127.0.0.1:18844][leaveCluster] Leaving cluster
2026-05-06T23:19:40.763+08:00  WARN 17589 --- [jetlinks-platform] [main] .w.c.e.DatabaseExceptionAnalyzerReporter : 
=================================
请先手动创建数据库,数据库名不能包含只能由`数字字母下划线`组成.
=================================

io.r2dbc.postgresql.ExceptionFactory$PostgresqlNonTransientResourceException: [3D000] database "jetlinks_yanshi" does not exist
	...1 frames excluded
Suppressed: The stacktrace has been enhanced by Reactor, refer to additional information below: 
Assembly trace from producer [reactor.core.publisher.FluxHandleFuseable] :
	reactor.core.publisher.Flux.handle
	io.r2dbc.postgresql.SingleHostConnectionFunction.lambda$connect$2(SingleHostConnectionFunction.java:51)
Error has been observed at the following site(s):
	*________Flux.handle ⇢ at io.r2dbc.postgresql.SingleHostConnectionFunction.lambda$connect$2(SingleHostConnectionFunction.java:51)
	*____Mono.delayUntil ⇢ at io.r2dbc.postgresql.SingleHostConnectionFunction.connect(SingleHostConnectionFunction.java:48)
	|_                   ⇢ at io.r2dbc.postgresql.SingleHostConnectionStrategy.connect(SingleHostConnectionStrategy.java:41)
	|_      Mono.flatMap ⇢ at io.r2dbc.postgresql.PostgresqlConnectionFactory.doCreateConnection(PostgresqlConnectionFactory.java:132)
	|_   Mono.onErrorMap ⇢ at io.r2dbc.postgresql.PostgresqlConnectionFactory.doCreateConnection(PostgresqlConnectionFactory.java:153)
	|_         Mono.flux ⇢ at io.r2dbc.postgresql.PostgresqlConnectionFactory.doCreateConnection(PostgresqlConnectionFactory.java:154)
	|_                   ⇢ at io.r2dbc.postgresql.util.Operators.discardOnCancel(Operators.java:43)
	|_       Flux.single ⇢ at io.r2dbc.postgresql.PostgresqlConnectionFactory.doCreateConnection(PostgresqlConnectionFactory.java:156)
	|_  Mono.doOnDiscard ⇢ at io.r2dbc.postgresql.PostgresqlConnectionFactory.doCreateConnection(PostgresqlConnectionFactory.java:157)
	|_         Mono.cast ⇢ at io.r2dbc.postgresql.PostgresqlConnectionFactory.create(PostgresqlConnectionFactory.java:107)
	|_         Mono.from ⇢ at io.r2dbc.pool.ConnectionPool.createConnectionPool(ConnectionPool.java:254)
	|_         Mono.name ⇢ at io.r2dbc.pool.ConnectionPool.createConnectionPool(ConnectionPool.java:254)
	|_  Mono.subscribeOn ⇢ at io.r2dbc.pool.ConnectionPool.createConnectionPool(ConnectionPool.java:257)
	|_         Mono.from ⇢ at reactor.pool.PoolBuilder.from(PoolBuilder.java:63)
	|_                   ⇢ at reactor.pool.DefaultPoolConfig.allocator(DefaultPoolConfig.java:123)
	|_     Mono.doOnEach ⇢ at reactor.pool.SimpleDequePool.drainLoop(SimpleDequePool.java:429)
	|_ Mono.contextWrite ⇢ at reactor.pool.SimpleDequePool.drainLoop(SimpleDequePool.java:445)
	*___________________ ⇢ at reactor.pool.SimpleDequePool.acquire(SimpleDequePool.java:114)
	|_      Mono.flatMap ⇢ at io.r2dbc.pool.ConnectionPool.lambda$new$11(ConnectionPool.java:107)
	|_         Mono.name ⇢ at io.r2dbc.pool.ConnectionPool.lambda$new$11(ConnectionPool.java:142)
	*_________Mono.defer ⇢ at io.r2dbc.pool.ConnectionPool.<init>(ConnectionPool.java:104)
	|_        Mono.retry ⇢ at io.r2dbc.pool.ConnectionPool.<init>(ConnectionPool.java:167)
	|_                   ⇢ at io.r2dbc.pool.ConnectionPool.create(ConnectionPool.java:327)
	|_         Mono.from ⇢ at org.springframework.r2dbc.connection.R2dbcTransactionManager.lambda$doBegin$6(R2dbcTransactionManager.java:199)
	|_     Mono.doOnNext ⇢ at org.springframework.r2dbc.connection.R2dbcTransactionManager.lambda$doBegin$6(R2dbcTransactionManager.java:200)
	|_      Mono.flatMap ⇢ at org.springframework.r2dbc.connection.R2dbcTransactionManager.lambda$doBegin$6(R2dbcTransactionManager.java:212)
Original Stack Trace:
	...42 frames excluded
2026-05-06T23:19:41.653+08:00  INFO 17589 --- [jetlinks-platform] [sc-cluster-18844-2] io.scalecube.cluster.ClusterImpl         : [default:jetlinks-platform:8844:d5a0ab79-1705-4adf-badc-fe45aadd42b0@127.0.0.1:18844][leaveCluster] Left cluster
2026-05-06T23:19:41.655+08:00  INFO 17589 --- [jetlinks-platform] [sc-cluster-18844-2] i.s.cluster.transport.api.Transport      : [127.0.0.1:18844][doStop] Stopping
2026-05-06T23:19:41.656+08:00  INFO 17589 --- [jetlinks-platform] [sc-cluster-18844-2] i.s.cluster.transport.api.Transport      : [127.0.0.1:18844][closeServer] Closing server channel
2026-05-06T23:19:41.658+08:00  INFO 17589 --- [jetlinks-platform] [sc-cluster-io-kqueue-1] i.s.cluster.transport.api.Transport      : [127.0.0.1:18844][closeServer] Closed server channel
2026-05-06T23:19:41.664+08:00  INFO 17589 --- [jetlinks-platform] [sc-cluster-io-kqueue-1] i.s.cluster.transport.api.Transport      : [127.0.0.1:18844][doStop] Stopped
2026-05-06T23:19:41.664+08:00  INFO 17589 --- [jetlinks-platform] [sc-cluster-io-kqueue-1] io.scalecube.cluster.ClusterImpl         : [default:jetlinks-platform:8844:d5a0ab79-1705-4adf-badc-fe45aadd42b0@127.0.0.1:18844][doShutdown] Shutdown
2026-05-06T23:21:11.701+08:00  INFO 17608 --- [jetlinks-platform] [main] org.jetlinks.pro.Application             : Starting Application using Java 21.0.9 with PID 17608 (/Volumes/minisHd/工作/演示/jetlinks-project-template/bootstrap/target/classes started by cding in /Volumes/minisHd/工作/演示)
2026-05-06T23:21:11.702+08:00  INFO 17608 --- [jetlinks-platform] [main] org.jetlinks.pro.Application             : The following 3 profiles are active: "default", "dev", "local"
2026-05-06T23:21:13.268+08:00  INFO 17608 --- [jetlinks-platform] [main] o.h.web.id.SnowflakeIdGenerator          : worker starting. timestamp left shift 22, datacenter id bits 5, worker id bits 5, sequence bits 12, workerid 11
2026-05-06T23:21:13.703+08:00  INFO 17608 --- [jetlinks-platform] [main] io.scalecube.cluster.ClusterImpl         : [null][doStart] Starting, config: ClusterConfig[metadata=null, metadataTimeout=3000, metadataCodec=io.scalecube.cluster.metadata.JdkMetadataCodec@7d6e2366, memberAlias='jetlinks-platform:8844', externalHost='127.0.0.1', externalPort=18844, transportConfig=TransportConfig[port=18844, clientSecured=false, connectTimeout=3000, messageCodec=org.jetlinks.pro.configure.cluster.CustomMessageCodec@357f0cc9, maxFrameLength=2097152, transportFactory=io.scalecube.transport.netty.tcp.TcpTransportFactory@57f8a3cf, addressMapper=java.util.function.Function$$Lambda/0x000000b80100ac68@5713e261], failureDetectorConfig=FailureDetectorConfig[pingInterval=1000, pingTimeout=3000, pingReqMembers=3], gossipConfig=GossipConfig[gossipFanout=3, gossipInterval=200, gossipRepeatMult=3, gossipSegmentationThreshold=1000], membershipConfig=MembershipConfig[seedMembers=[], syncInterval=5000, syncTimeout=20000, suspicionMult=5, namespace='default', removedMembersHistorySize=42]]
2026-05-06T23:21:13.911+08:00  INFO 17608 --- [jetlinks-platform] [sc-cluster-io-kqueue-1] i.s.cluster.transport.api.Transport      : [start][/[0:0:0:0:0:0:0:0]:18844] Bound cluster transport
2026-05-06T23:21:13.921+08:00  INFO 17608 --- [jetlinks-platform] [sc-cluster-io-kqueue-1] io.scalecube.cluster.ClusterImpl         : [default:jetlinks-platform:8844:a55a9095-5a2e-473d-80f0-59b63bc2d7a4@127.0.0.1:18844][doStart] Started
2026-05-06T23:21:17.047+08:00  INFO 17608 --- [jetlinks-platform] [boundedElastic-3] o.j.p.e.search.ElasticSearchSupport      : register elasticsearch support:class org.jetlinks.pro.elastic.search.ElasticSearch7xSupport
2026-05-06T23:21:18.070+08:00  INFO 17608 --- [jetlinks-platform] [main] c.t.c.g.AbstractImageCaptchaGenerator    : 图片验证码[MultiImageCaptchaGenerator]初始化...
2026-05-06T23:21:18.628+08:00  INFO 17608 --- [jetlinks-platform] [main] org.jetlinks.pro.utils.IpUtils           : ip2region use memory mod,db size:10.56MB
2026-05-06T23:21:18.764+08:00  INFO 17608 --- [jetlinks-platform] [main] o.e.c.elements.config.Configuration      : defaults added UDP.
2026-05-06T23:21:18.766+08:00  INFO 17608 --- [jetlinks-platform] [main] o.e.c.elements.config.Configuration      : defaults added COAP.
2026-05-06T23:21:18.767+08:00  INFO 17608 --- [jetlinks-platform] [main] o.e.c.elements.config.Configuration      : defaults added TCP.
2026-05-06T23:21:26.803+08:00  INFO 17620 --- [jetlinks-platform] [main] org.jetlinks.pro.Application             : Starting Application using Java 21.0.9 with PID 17620 (/Volumes/minisHd/工作/演示/jetlinks-project-template/bootstrap/target/classes started by cding in /Volumes/minisHd/工作/演示)
2026-05-06T23:21:26.804+08:00  INFO 17620 --- [jetlinks-platform] [main] org.jetlinks.pro.Application             : The following 3 profiles are active: "default", "dev", "local"
2026-05-06T23:21:28.379+08:00  INFO 17620 --- [jetlinks-platform] [main] o.h.web.id.SnowflakeIdGenerator          : worker starting. timestamp left shift 22, datacenter id bits 5, worker id bits 5, sequence bits 12, workerid 25
2026-05-06T23:21:28.765+08:00  INFO 17620 --- [jetlinks-platform] [main] io.scalecube.cluster.ClusterImpl         : [null][doStart] Starting, config: ClusterConfig[metadata=null, metadataTimeout=3000, metadataCodec=io.scalecube.cluster.metadata.JdkMetadataCodec@7d6e2366, memberAlias='jetlinks-platform:8844', externalHost='127.0.0.1', externalPort=18844, transportConfig=TransportConfig[port=18844, clientSecured=false, connectTimeout=3000, messageCodec=org.jetlinks.pro.configure.cluster.CustomMessageCodec@357f0cc9, maxFrameLength=2097152, transportFactory=io.scalecube.transport.netty.tcp.TcpTransportFactory@57f8a3cf, addressMapper=java.util.function.Function$$Lambda/0x000000700100ac68@5713e261], failureDetectorConfig=FailureDetectorConfig[pingInterval=1000, pingTimeout=3000, pingReqMembers=3], gossipConfig=GossipConfig[gossipFanout=3, gossipInterval=200, gossipRepeatMult=3, gossipSegmentationThreshold=1000], membershipConfig=MembershipConfig[seedMembers=[], syncInterval=5000, syncTimeout=20000, suspicionMult=5, namespace='default', removedMembersHistorySize=42]]
2026-05-06T23:21:28.937+08:00  INFO 17620 --- [jetlinks-platform] [sc-cluster-io-kqueue-1] i.s.cluster.transport.api.Transport      : [start][/[0:0:0:0:0:0:0:0]:18844] Bound cluster transport
2026-05-06T23:21:28.947+08:00  INFO 17620 --- [jetlinks-platform] [sc-cluster-io-kqueue-1] io.scalecube.cluster.ClusterImpl         : [default:jetlinks-platform:8844:bc50a5cf-928d-4a80-96a6-aa5576d9e5aa@127.0.0.1:18844][doStart] Started
2026-05-06T23:21:31.877+08:00  INFO 17620 --- [jetlinks-platform] [boundedElastic-3] o.j.p.e.search.ElasticSearchSupport      : register elasticsearch support:class org.jetlinks.pro.elastic.search.ElasticSearch7xSupport
2026-05-06T23:21:32.893+08:00  INFO 17620 --- [jetlinks-platform] [main] c.t.c.g.AbstractImageCaptchaGenerator    : 图片验证码[MultiImageCaptchaGenerator]初始化...
2026-05-06T23:21:33.437+08:00  INFO 17620 --- [jetlinks-platform] [main] org.jetlinks.pro.utils.IpUtils           : ip2region use memory mod,db size:10.56MB
2026-05-06T23:21:33.581+08:00  INFO 17620 --- [jetlinks-platform] [main] o.e.c.elements.config.Configuration      : defaults added UDP.
2026-05-06T23:21:33.584+08:00  INFO 17620 --- [jetlinks-platform] [main] o.e.c.elements.config.Configuration      : defaults added COAP.
2026-05-06T23:21:33.584+08:00  INFO 17620 --- [jetlinks-platform] [main] o.e.c.elements.config.Configuration      : defaults added TCP.
2026-05-06T23:21:45.472+08:00  INFO 17620 --- [jetlinks-platform] [main] o.h.web.starter.i18n.I18nConfiguration   : register i18n message resource i18n/common-component/messages_en.properties -> messages
2026-05-06T23:21:45.472+08:00  INFO 17620 --- [jetlinks-platform] [main] o.h.web.starter.i18n.I18nConfiguration   : register i18n message resource i18n/common-component/messages_zh.properties -> messages
2026-05-06T23:21:45.472+08:00  INFO 17620 --- [jetlinks-platform] [main] o.h.web.starter.i18n.I18nConfiguration   : register i18n message resource i18n/jetlinks-core/messages_en.properties -> messages
2026-05-06T23:21:45.473+08:00  INFO 17620 --- [jetlinks-platform] [main] o.h.web.starter.i18n.I18nConfiguration   : register i18n message resource i18n/jetlinks-core/messages_zh.properties -> messages
2026-05-06T23:21:45.473+08:00  INFO 17620 --- [jetlinks-platform] [main] o.h.web.starter.i18n.I18nConfiguration   : register i18n message resource i18n/authentication/messages_en.properties -> messages
2026-05-06T23:21:45.473+08:00  INFO 17620 --- [jetlinks-platform] [main] o.h.web.starter.i18n.I18nConfiguration   : register i18n message resource i18n/authentication/messages_zh.properties -> messages
2026-05-06T23:21:45.473+08:00  INFO 17620 --- [jetlinks-platform] [main] o.h.web.starter.i18n.I18nConfiguration   : register i18n message resource i18n/jetlinks-sdk-api/messages_en.properties -> messages
2026-05-06T23:21:45.473+08:00  INFO 17620 --- [jetlinks-platform] [main] o.h.web.starter.i18n.I18nConfiguration   : register i18n message resource i18n/jetlinks-sdk-api/messages_zh.properties -> messages
2026-05-06T23:21:45.473+08:00  INFO 17620 --- [jetlinks-platform] [main] o.h.web.starter.i18n.I18nConfiguration   : register i18n message resource i18n/datasource-manager/messages_en.properties -> messages
2026-05-06T23:21:45.473+08:00  INFO 17620 --- [jetlinks-platform] [main] o.h.web.starter.i18n.I18nConfiguration   : register i18n message resource i18n/datasource-manager/messages_zh.properties -> messages
2026-05-06T23:21:45.473+08:00  INFO 17620 --- [jetlinks-platform] [main] o.h.web.starter.i18n.I18nConfiguration   : register i18n message resource i18n/datasource/messages_en.properties -> messages
2026-05-06T23:21:45.473+08:00  INFO 17620 --- [jetlinks-platform] [main] o.h.web.starter.i18n.I18nConfiguration   : register i18n message resource i18n/datasource/messages_zh.properties -> messages
2026-05-06T23:21:45.473+08:00  INFO 17620 --- [jetlinks-platform] [main] o.h.web.starter.i18n.I18nConfiguration   : register i18n message resource i18n/assets-component/messages_en.properties -> messages
2026-05-06T23:21:45.473+08:00  INFO 17620 --- [jetlinks-platform] [main] o.h.web.starter.i18n.I18nConfiguration   : register i18n message resource i18n/assets-component/messages_zh.properties -> messages
2026-05-06T23:21:45.473+08:00  INFO 17620 --- [jetlinks-platform] [main] o.h.web.starter.i18n.I18nConfiguration   : register i18n message resource i18n/rule-engine-component/messages_en.properties -> messages
2026-05-06T23:21:45.473+08:00  INFO 17620 --- [jetlinks-platform] [main] o.h.web.starter.i18n.I18nConfiguration   : register i18n message resource i18n/rule-engine-component/messages_zh.properties -> messages
2026-05-06T23:21:45.473+08:00  INFO 17620 --- [jetlinks-platform] [main] o.h.web.starter.i18n.I18nConfiguration   : register i18n message resource i18n/dashboard-component/messages_en.properties -> messages
2026-05-06T23:21:45.473+08:00  INFO 17620 --- [jetlinks-platform] [main] o.h.web.starter.i18n.I18nConfiguration   : register i18n message resource i18n/dashboard-component/messages_zh.properties -> messages
2026-05-06T23:21:45.473+08:00  INFO 17620 --- [jetlinks-platform] [main] o.h.web.starter.i18n.I18nConfiguration   : register i18n message resource i18n/io-component/messages_en.properties -> messages
2026-05-06T23:21:45.473+08:00  INFO 17620 --- [jetlinks-platform] [main] o.h.web.starter.i18n.I18nConfiguration   : register i18n message resource i18n/io-component/messages_zh.properties -> messages
2026-05-06T23:21:45.473+08:00  INFO 17620 --- [jetlinks-platform] [main] o.h.web.starter.i18n.I18nConfiguration   : register i18n message resource i18n/script-component/messages_en.properties -> messages
2026-05-06T23:21:45.473+08:00  INFO 17620 --- [jetlinks-platform] [main] o.h.web.starter.i18n.I18nConfiguration   : register i18n message resource i18n/script-component/messages_zh.properties -> messages
2026-05-06T23:21:45.473+08:00  INFO 17620 --- [jetlinks-platform] [main] o.h.web.starter.i18n.I18nConfiguration   : register i18n message resource i18n/rule-engine-manager/messages_en.properties -> messages
2026-05-06T23:21:45.473+08:00  INFO 17620 --- [jetlinks-platform] [main] o.h.web.starter.i18n.I18nConfiguration   : register i18n message resource i18n/rule-engine-manager/messages_zh.properties -> messages
2026-05-06T23:21:45.473+08:00  INFO 17620 --- [jetlinks-platform] [main] o.h.web.starter.i18n.I18nConfiguration   : register i18n message resource i18n/relation-component/messages_en.properties -> messages
2026-05-06T23:21:45.474+08:00  INFO 17620 --- [jetlinks-platform] [main] o.h.web.starter.i18n.I18nConfiguration   : register i18n message resource i18n/relation-component/messages_zh.properties -> messages
2026-05-06T23:21:45.474+08:00  INFO 17620 --- [jetlinks-platform] [main] o.h.web.starter.i18n.I18nConfiguration   : register i18n message resource i18n/things-component/messages_en.properties -> messages
2026-05-06T23:21:45.474+08:00  INFO 17620 --- [jetlinks-platform] [main] o.h.web.starter.i18n.I18nConfiguration   : register i18n message resource i18n/things-component/messages_zh.properties -> messages
2026-05-06T23:21:45.474+08:00  INFO 17620 --- [jetlinks-platform] [main] o.h.web.starter.i18n.I18nConfiguration   : register i18n message resource i18n/notify-component/messages_en.properties -> messages
2026-05-06T23:21:45.474+08:00  INFO 17620 --- [jetlinks-platform] [main] o.h.web.starter.i18n.I18nConfiguration   : register i18n message resource i18n/notify-component/messages_zh.properties -> messages
2026-05-06T23:21:45.474+08:00  INFO 17620 --- [jetlinks-platform] [main] o.h.web.starter.i18n.I18nConfiguration   : register i18n message resource i18n/logging-manager/messages_en.properties -> messages
2026-05-06T23:21:45.474+08:00  INFO 17620 --- [jetlinks-platform] [main] o.h.web.starter.i18n.I18nConfiguration   : register i18n message resource i18n/logging-manager/messages_zh.properties -> messages
2026-05-06T23:21:45.474+08:00  INFO 17620 --- [jetlinks-platform] [main] o.h.web.starter.i18n.I18nConfiguration   : register i18n message resource i18n/authentication-manager/messages_en.properties -> messages
2026-05-06T23:21:45.474+08:00  INFO 17620 --- [jetlinks-platform] [main] o.h.web.starter.i18n.I18nConfiguration   : register i18n message resource i18n/authentication-manager/messages_zh.properties -> messages
2026-05-06T23:21:45.474+08:00  INFO 17620 --- [jetlinks-platform] [main] o.h.web.starter.i18n.I18nConfiguration   : register i18n message resource i18n/authentication-default/messages_en.properties -> messages
2026-05-06T23:21:45.474+08:00  INFO 17620 --- [jetlinks-platform] [main] o.h.web.starter.i18n.I18nConfiguration   : register i18n message resource i18n/authentication-default/messages_zh.properties -> messages
2026-05-06T23:21:45.474+08:00  INFO 17620 --- [jetlinks-platform] [main] o.h.web.starter.i18n.I18nConfiguration   : register i18n message resource i18n/application-component/messages_en.properties -> messages
2026-05-06T23:21:45.474+08:00  INFO 17620 --- [jetlinks-platform] [main] o.h.web.starter.i18n.I18nConfiguration   : register i18n message resource i18n/application-component/messages_zh.properties -> messages
2026-05-06T23:21:45.474+08:00  INFO 17620 --- [jetlinks-platform] [main] o.h.web.starter.i18n.I18nConfiguration   : register i18n message resource i18n/network-manager/messages_en.properties -> messages
2026-05-06T23:21:45.474+08:00  INFO 17620 --- [jetlinks-platform] [main] o.h.web.starter.i18n.I18nConfiguration   : register i18n message resource i18n/network-manager/messages_zh.properties -> messages
2026-05-06T23:21:45.474+08:00  INFO 17620 --- [jetlinks-platform] [main] o.h.web.starter.i18n.I18nConfiguration   : register i18n message resource i18n/network-core/messages_en.properties -> messages
2026-05-06T23:21:45.474+08:00  INFO 17620 --- [jetlinks-platform] [main] o.h.web.starter.i18n.I18nConfiguration   : register i18n message resource i18n/network-core/messages_zh.properties -> messages
2026-05-06T23:21:45.474+08:00  INFO 17620 --- [jetlinks-platform] [main] o.h.web.starter.i18n.I18nConfiguration   : register i18n message resource i18n/udp-component/messages_en.properties -> messages
2026-05-06T23:21:45.474+08:00  INFO 17620 --- [jetlinks-platform] [main] o.h.web.starter.i18n.I18nConfiguration   : register i18n message resource i18n/udp-component/messages_zh.properties -> messages
2026-05-06T23:21:45.474+08:00  INFO 17620 --- [jetlinks-platform] [main] o.h.web.starter.i18n.I18nConfiguration   : register i18n message resource i18n/device-manager/messages_en.properties -> messages
2026-05-06T23:21:45.474+08:00  INFO 17620 --- [jetlinks-platform] [main] o.h.web.starter.i18n.I18nConfiguration   : register i18n message resource i18n/device-manager/messages_zh.properties -> messages
2026-05-06T23:21:45.474+08:00  INFO 17620 --- [jetlinks-platform] [main] o.h.web.starter.i18n.I18nConfiguration   : register i18n message resource i18n/collector/messages_en.properties -> messages
2026-05-06T23:21:45.474+08:00  INFO 17620 --- [jetlinks-platform] [main] o.h.web.starter.i18n.I18nConfiguration   : register i18n message resource i18n/collector/messages_zh.properties -> messages
2026-05-06T23:21:45.474+08:00  INFO 17620 --- [jetlinks-platform] [main] o.h.web.starter.i18n.I18nConfiguration   : register i18n message resource i18n/plugin-component/messages_en.properties -> messages
2026-05-06T23:21:45.474+08:00  INFO 17620 --- [jetlinks-platform] [main] o.h.web.starter.i18n.I18nConfiguration   : register i18n message resource i18n/plugin-component/messages_zh.properties -> messages
2026-05-06T23:21:45.474+08:00  INFO 17620 --- [jetlinks-platform] [main] o.h.web.starter.i18n.I18nConfiguration   : register i18n message resource i18n/geo-component/messages_en.properties -> messages
2026-05-06T23:21:45.474+08:00  INFO 17620 --- [jetlinks-platform] [main] o.h.web.starter.i18n.I18nConfiguration   : register i18n message resource i18n/geo-component/messages_zh.properties -> messages
2026-05-06T23:21:45.474+08:00  INFO 17620 --- [jetlinks-platform] [main] o.h.web.starter.i18n.I18nConfiguration   : register i18n message resource i18n/notify-manager/messages_en.properties -> messages
2026-05-06T23:21:45.474+08:00  INFO 17620 --- [jetlinks-platform] [main] o.h.web.starter.i18n.I18nConfiguration   : register i18n message resource i18n/notify-manager/messages_zh.properties -> messages
2026-05-06T23:21:45.474+08:00  INFO 17620 --- [jetlinks-platform] [main] o.h.web.starter.i18n.I18nConfiguration   : register i18n message resource i18n/messages_en.properties -> messages
2026-05-06T23:21:45.474+08:00  INFO 17620 --- [jetlinks-platform] [main] o.h.web.starter.i18n.I18nConfiguration   : register i18n message resource i18n/messages_zh.properties -> messages
2026-05-06T23:21:45.474+08:00  INFO 17620 --- [jetlinks-platform] [main] o.h.web.starter.i18n.I18nConfiguration   : register i18n message resource i18n/notify-dingtalk/messages_en.properties -> messages
2026-05-06T23:21:45.474+08:00  INFO 17620 --- [jetlinks-platform] [main] o.h.web.starter.i18n.I18nConfiguration   : register i18n message resource i18n/notify-dingtalk/messages_zh.properties -> messages
2026-05-06T23:21:45.474+08:00  INFO 17620 --- [jetlinks-platform] [main] o.h.web.starter.i18n.I18nConfiguration   : register i18n message resource i18n/notify-wechat/messages_en.properties -> messages
2026-05-06T23:21:45.474+08:00  INFO 17620 --- [jetlinks-platform] [main] o.h.web.starter.i18n.I18nConfiguration   : register i18n message resource i18n/notify-wechat/messages_zh.properties -> messages
2026-05-06T23:21:45.474+08:00  INFO 17620 --- [jetlinks-platform] [main] o.h.web.starter.i18n.I18nConfiguration   : register i18n message resource i18n/commons/messages_en.properties -> messages
2026-05-06T23:21:45.474+08:00  INFO 17620 --- [jetlinks-platform] [main] o.h.web.starter.i18n.I18nConfiguration   : register i18n message resource i18n/commons/messages_zh.properties -> messages
2026-05-06T23:21:45.474+08:00  INFO 17620 --- [jetlinks-platform] [main] o.h.web.starter.i18n.I18nConfiguration   : register i18n message resource i18n/dictionary/messages_en.properties -> messages
2026-05-06T23:21:45.474+08:00  INFO 17620 --- [jetlinks-platform] [main] o.h.web.starter.i18n.I18nConfiguration   : register i18n message resource i18n/dictionary/messages_zh.properties -> messages
2026-05-06T23:21:45.474+08:00  INFO 17620 --- [jetlinks-platform] [main] o.h.web.starter.i18n.I18nConfiguration   : register i18n message resource i18n/core/messages_en.properties -> messages
2026-05-06T23:21:45.474+08:00  INFO 17620 --- [jetlinks-platform] [main] o.h.web.starter.i18n.I18nConfiguration   : register i18n message resource i18n/core/messages_zh.properties -> messages
2026-05-06T23:21:45.474+08:00  INFO 17620 --- [jetlinks-platform] [main] o.h.web.starter.i18n.I18nConfiguration   : register i18n message resource i18n/function-component/messages_en.properties -> messages
2026-05-06T23:21:45.474+08:00  INFO 17620 --- [jetlinks-platform] [main] o.h.web.starter.i18n.I18nConfiguration   : register i18n message resource i18n/function-component/messages_zh.properties -> messages
2026-05-06T23:21:45.474+08:00  INFO 17620 --- [jetlinks-platform] [main] o.h.web.starter.i18n.I18nConfiguration   : register i18n message resource i18n/visualization-manager/messages_en.properties -> messages
2026-05-06T23:21:45.475+08:00  INFO 17620 --- [jetlinks-platform] [main] o.h.web.starter.i18n.I18nConfiguration   : register i18n message resource i18n/visualization-manager/messages_zh.properties -> messages
2026-05-06T23:21:45.475+08:00  INFO 17620 --- [jetlinks-platform] [main] o.h.web.starter.i18n.I18nConfiguration   : register i18n message resource i18n/jetlinks-media/messages_en.properties -> messages
2026-05-06T23:21:45.475+08:00  INFO 17620 --- [jetlinks-platform] [main] o.h.web.starter.i18n.I18nConfiguration   : register i18n message resource i18n/jetlinks-media/messages_zh.properties -> messages
2026-05-06T23:21:47.982+08:00  WARN 17620 --- [jetlinks-platform] [main] o.s.c.annotation.AnnotationTypeMapping   : Support for convention-based annotation attribute overrides is deprecated and will be removed in Spring Framework 7.0. Please annotate the following attributes in @org.jetlinks.sdk.server.ui.field.annotation.field.form.QueryComponent with appropriate @AliasFor declarations: [key]
2026-05-06T23:21:53.026+08:00  INFO 17620 --- [jetlinks-platform] [main] o.j.p.c.metadata.ClusterMetadataManager  : register cluster metadata, size:1
2026-05-06T23:21:53.028+08:00  INFO 17620 --- [jetlinks-platform] [main] o.h.w.a.b.aop.AopAuthorizingController   : publish AuthorizeDefinitionInitializedEvent,definition size:1669
2026-05-06T23:21:53.206+08:00  INFO 17620 --- [jetlinks-platform] [main] o.h.w.d.c.DictionaryProperties           : scan enum dict package:classpath*:org/jetlinks/**/*.class
2026-05-06T23:21:54.163+08:00  INFO 17620 --- [jetlinks-platform] [main] o.h.w.d.c.DictionaryProperties           : scan enum dict package:classpath*:org/hswebframework/web/**/*.class
2026-05-06T23:21:54.834+08:00  INFO 17620 --- [jetlinks-platform] [main] org.jetlinks.pro.Application             : Started Application in 28.532 seconds (process running for 29.022)
2026-05-06T23:21:54.843+08:00  INFO 17620 --- [jetlinks-platform] [main] o.j.p.c.metadata.ClusterMetadataManager  : register cluster metadata, size:1
2026-05-06T23:21:54.856+08:00  INFO 17620 --- [jetlinks-platform] [main] o.j.p.c.metadata.ClusterMetadataManager  : register cluster metadata, size:1
2026-05-06T23:21:54.870+08:00  INFO 17620 --- [jetlinks-platform] [main] o.j.p.c.metadata.ClusterMetadataManager  : register cluster metadata, size:1
2026-05-06T23:21:54.870+08:00  INFO 17620 --- [jetlinks-platform] [main] o.j.p.c.metadata.ClusterMetadataManager  : register cluster metadata, size:1
2026-05-06T23:21:56.001+08:00  INFO 17620 --- [jetlinks-platform] [reactor-tcp-kqueue-2] o.h.w.s.a.d.s.PermissionSynchronization  : sync permission success:added 0,updated 78,total 78
2026-05-06T23:21:56.184+08:00  INFO 17620 --- [jetlinks-platform] [lettuce-eventExecutorLoop-5-1] o.h.w.d.s.CompositeDictDefineRepository  : clear all dic cache success
2026-05-06T23:22:03.652+08:00  INFO 17620 --- [jetlinks-platform] [things-data-writer-15] o.j.p.t.data.LocalFileThingsDataManager  : flushing thing data, in memory size:0
2026-05-06T23:22:03.653+08:00  INFO 17620 --- [jetlinks-platform] [things-data-writer-15] o.j.p.t.data.LocalFileThingsDataManager  : flushing thing data complete 1ms, in memory size:0
2026-05-06T23:22:04.875+08:00  INFO 17620 --- [jetlinks-platform] [parallel-8] .j.p.c.d.PersistenceDeviceSessionManager : load device session cost 6ms
2026-05-06T23:22:33.649+08:00  INFO 17620 --- [jetlinks-platform] [things-data-writer-15] o.j.p.t.data.LocalFileThingsDataManager  : flushing thing data, in memory size:0
2026-05-06T23:22:33.650+08:00  INFO 17620 --- [jetlinks-platform] [things-data-writer-15] o.j.p.t.data.LocalFileThingsDataManager  : flushing thing data complete 1ms, in memory size:0
2026-05-06T23:22:35.203+08:00  INFO 17620 --- [jetlinks-platform] [boundedElastic-5] o.j.pro.tracing.LocalTracingService      : flush tracing data...
2026-05-06T23:22:35.203+08:00  INFO 17620 --- [jetlinks-platform] [boundedElastic-5] o.j.pro.tracing.LocalTracingService      : flush tracing data complete,size 0,use time 0
2026-05-06T23:23:03.652+08:00  INFO 17620 --- [jetlinks-platform] [things-data-writer-15] o.j.p.t.data.LocalFileThingsDataManager  : flushing thing data, in memory size:0
2026-05-06T23:23:03.653+08:00  INFO 17620 --- [jetlinks-platform] [things-data-writer-15] o.j.p.t.data.LocalFileThingsDataManager  : flushing thing data complete 1ms, in memory size:0
2026-05-06T23:23:05.207+08:00  INFO 17620 --- [jetlinks-platform] [boundedElastic-5] o.j.pro.tracing.LocalTracingService      : flush tracing data...
2026-05-06T23:23:05.207+08:00  INFO 17620 --- [jetlinks-platform] [boundedElastic-5] o.j.pro.tracing.LocalTracingService      : flush tracing data complete,size 0,use time 0
2026-05-06T23:23:33.648+08:00  INFO 17620 --- [jetlinks-platform] [things-data-writer-15] o.j.p.t.data.LocalFileThingsDataManager  : flushing thing data, in memory size:0
2026-05-06T23:23:33.651+08:00  INFO 17620 --- [jetlinks-platform] [things-data-writer-15] o.j.p.t.data.LocalFileThingsDataManager  : flushing thing data complete 3ms, in memory size:0
2026-05-06T23:23:35.203+08:00  INFO 17620 --- [jetlinks-platform] [boundedElastic-5] o.j.pro.tracing.LocalTracingService      : flush tracing data...
2026-05-06T23:23:35.204+08:00  INFO 17620 --- [jetlinks-platform] [boundedElastic-5] o.j.pro.tracing.LocalTracingService      : flush tracing data complete,size 0,use time 0
2026-05-06T23:24:03.653+08:00  INFO 17620 --- [jetlinks-platform] [things-data-writer-15] o.j.p.t.data.LocalFileThingsDataManager  : flushing thing data, in memory size:0
2026-05-06T23:24:03.655+08:00  INFO 17620 --- [jetlinks-platform] [things-data-writer-15] o.j.p.t.data.LocalFileThingsDataManager  : flushing thing data complete 2ms, in memory size:0
2026-05-06T23:24:05.208+08:00  INFO 17620 --- [jetlinks-platform] [boundedElastic-5] o.j.pro.tracing.LocalTracingService      : flush tracing data...
2026-05-06T23:24:05.208+08:00  INFO 17620 --- [jetlinks-platform] [boundedElastic-5] o.j.pro.tracing.LocalTracingService      : flush tracing data complete,size 0,use time 0
2026-05-06T23:24:33.654+08:00  INFO 17620 --- [jetlinks-platform] [things-data-writer-15] o.j.p.t.data.LocalFileThingsDataManager  : flushing thing data, in memory size:0
2026-05-06T23:24:33.655+08:00  INFO 17620 --- [jetlinks-platform] [things-data-writer-15] o.j.p.t.data.LocalFileThingsDataManager  : flushing thing data complete 1ms, in memory size:0
2026-05-06T23:24:34.200+08:00  INFO 17620 --- [jetlinks-platform] [lettuce-kqueueEventLoop-7-4] i.lettuce.core.protocol.CommandHandler   : null Unexpected exception during request: io.netty.channel.unix.Errors$NativeIoException: readAddress(..) failed with error(-54): Connection reset by peer
io.netty.channel.unix.Errors$NativeIoException: readAddress(..) failed with error(-54): Connection reset by peer
2026-05-06T23:24:34.200+08:00  INFO 17620 --- [jetlinks-platform] [lettuce-kqueueEventLoop-7-2] i.lettuce.core.protocol.CommandHandler   : null Unexpected exception during request: io.netty.channel.unix.Errors$NativeIoException: readAddress(..) failed with error(-54): Connection reset by peer
io.netty.channel.unix.Errors$NativeIoException: readAddress(..) failed with error(-54): Connection reset by peer
2026-05-06T23:24:34.200+08:00 ERROR 17620 --- [jetlinks-platform] [reactor-tcp-kqueue-3] i.r.p.client.ReactorNettyClient          : Connection Error
io.netty.channel.unix.Errors$NativeIoException: readAddress(..) failed with error(-54): Connection reset by peer
Suppressed: The stacktrace has been enhanced by Reactor, refer to additional information below: 
Error has been observed at the following site(s):
	*________________ ⇢ at reactor.netty.channel.ChannelOperations.receiveObject(ChannelOperations.java:297)
	|_      Flux.from ⇢ at reactor.netty.ReactorNetty.publisherOrScalarMap(ReactorNetty.java:584)
	|_       Flux.map ⇢ at reactor.netty.ReactorNetty.publisherOrScalarMap(ReactorNetty.java:585)
	|_      Flux.from ⇢ at reactor.netty.ByteBufFlux.fromInbound(ByteBufFlux.java:71)
	|_ Flux.doOnError ⇢ at io.r2dbc.postgresql.client.ReactorNettyClient.<init>(ReactorNettyClient.java:164)
	|_    Flux.handle ⇢ at io.r2dbc.postgresql.client.ReactorNettyClient.<init>(ReactorNettyClient.java:165)
Original Stack Trace:
2026-05-06T23:24:34.206+08:00  INFO 17620 --- [jetlinks-platform] [lettuce-kqueueEventLoop-7-5] i.lettuce.core.protocol.CommandHandler   : null Unexpected exception during request: io.netty.channel.unix.Errors$NativeIoException: readAddress(..) failed with error(-54): Connection reset by peer
io.netty.channel.unix.Errors$NativeIoException: readAddress(..) failed with error(-54): Connection reset by peer
2026-05-06T23:24:34.206+08:00  INFO 17620 --- [jetlinks-platform] [lettuce-kqueueEventLoop-7-3] i.lettuce.core.protocol.CommandHandler   : null Unexpected exception during request: io.netty.channel.unix.Errors$NativeIoException: readAddress(..) failed with error(-54): Connection reset by peer
io.netty.channel.unix.Errors$NativeIoException: readAddress(..) failed with error(-54): Connection reset by peer
2026-05-06T23:24:34.206+08:00  INFO 17620 --- [jetlinks-platform] [lettuce-kqueueEventLoop-7-6] i.lettuce.core.protocol.CommandHandler   : null Unexpected exception during request: io.netty.channel.unix.Errors$NativeIoException: readAddress(..) failed with error(-54): Connection reset by peer
io.netty.channel.unix.Errors$NativeIoException: readAddress(..) failed with error(-54): Connection reset by peer
2026-05-06T23:24:34.203+08:00 ERROR 17620 --- [jetlinks-platform] [reactor-tcp-kqueue-2] i.r.p.client.ReactorNettyClient          : Connection Error
io.netty.channel.unix.Errors$NativeIoException: readAddress(..) failed with error(-54): Connection reset by peer
Suppressed: The stacktrace has been enhanced by Reactor, refer to additional information below: 
Error has been observed at the following site(s):
	*________________ ⇢ at reactor.netty.channel.ChannelOperations.receiveObject(ChannelOperations.java:297)
	|_      Flux.from ⇢ at reactor.netty.ReactorNetty.publisherOrScalarMap(ReactorNetty.java:584)
	|_       Flux.map ⇢ at reactor.netty.ReactorNetty.publisherOrScalarMap(ReactorNetty.java:585)
	|_      Flux.from ⇢ at reactor.netty.ByteBufFlux.fromInbound(ByteBufFlux.java:71)
	|_ Flux.doOnError ⇢ at io.r2dbc.postgresql.client.ReactorNettyClient.<init>(ReactorNettyClient.java:164)
	|_    Flux.handle ⇢ at io.r2dbc.postgresql.client.ReactorNettyClient.<init>(ReactorNettyClient.java:165)
Original Stack Trace:
2026-05-06T23:24:34.203+08:00 ERROR 17620 --- [jetlinks-platform] [reactor-tcp-kqueue-7] i.r.p.client.ReactorNettyClient          : Connection Error
io.netty.channel.unix.Errors$NativeIoException: readAddress(..) failed with error(-54): Connection reset by peer
Suppressed: The stacktrace has been enhanced by Reactor, refer to additional information below: 
Error has been observed at the following site(s):
	*________________ ⇢ at reactor.netty.channel.ChannelOperations.receiveObject(ChannelOperations.java:297)
	|_      Flux.from ⇢ at reactor.netty.ReactorNetty.publisherOrScalarMap(ReactorNetty.java:584)
	|_       Flux.map ⇢ at reactor.netty.ReactorNetty.publisherOrScalarMap(ReactorNetty.java:585)
	|_      Flux.from ⇢ at reactor.netty.ByteBufFlux.fromInbound(ByteBufFlux.java:71)
	|_ Flux.doOnError ⇢ at io.r2dbc.postgresql.client.ReactorNettyClient.<init>(ReactorNettyClient.java:164)
	|_    Flux.handle ⇢ at io.r2dbc.postgresql.client.ReactorNettyClient.<init>(ReactorNettyClient.java:165)
Original Stack Trace:
2026-05-06T23:24:34.205+08:00  INFO 17620 --- [jetlinks-platform] [lettuce-kqueueEventLoop-7-1] i.lettuce.core.protocol.CommandHandler   : null Unexpected exception during request: io.netty.channel.unix.Errors$NativeIoException: readAddress(..) failed with error(-54): Connection reset by peer
io.netty.channel.unix.Errors$NativeIoException: readAddress(..) failed with error(-54): Connection reset by peer
2026-05-06T23:24:34.200+08:00 ERROR 17620 --- [jetlinks-platform] [reactor-tcp-kqueue-5] i.r.p.client.ReactorNettyClient          : Connection Error
io.netty.channel.unix.Errors$NativeIoException: readAddress(..) failed with error(-54): Connection reset by peer
Suppressed: The stacktrace has been enhanced by Reactor, refer to additional information below: 
Error has been observed at the following site(s):
	*________________ ⇢ at reactor.netty.channel.ChannelOperations.receiveObject(ChannelOperations.java:297)
	|_      Flux.from ⇢ at reactor.netty.ReactorNetty.publisherOrScalarMap(ReactorNetty.java:584)
	|_       Flux.map ⇢ at reactor.netty.ReactorNetty.publisherOrScalarMap(ReactorNetty.java:585)
	|_      Flux.from ⇢ at reactor.netty.ByteBufFlux.fromInbound(ByteBufFlux.java:71)
	|_ Flux.doOnError ⇢ at io.r2dbc.postgresql.client.ReactorNettyClient.<init>(ReactorNettyClient.java:164)
	|_    Flux.handle ⇢ at io.r2dbc.postgresql.client.ReactorNettyClient.<init>(ReactorNettyClient.java:165)
Original Stack Trace:
2026-05-06T23:24:34.198+08:00 ERROR 17620 --- [jetlinks-platform] [reactor-tcp-kqueue-1] i.r.p.client.ReactorNettyClient          : Connection Error
io.netty.channel.unix.Errors$NativeIoException: readAddress(..) failed with error(-54): Connection reset by peer
Suppressed: The stacktrace has been enhanced by Reactor, refer to additional information below: 
Error has been observed at the following site(s):
	*________________ ⇢ at reactor.netty.channel.ChannelOperations.receiveObject(ChannelOperations.java:297)
	|_      Flux.from ⇢ at reactor.netty.ReactorNetty.publisherOrScalarMap(ReactorNetty.java:584)
	|_       Flux.map ⇢ at reactor.netty.ReactorNetty.publisherOrScalarMap(ReactorNetty.java:585)
	|_      Flux.from ⇢ at reactor.netty.ByteBufFlux.fromInbound(ByteBufFlux.java:71)
	|_ Flux.doOnError ⇢ at io.r2dbc.postgresql.client.ReactorNettyClient.<init>(ReactorNettyClient.java:164)
	|_    Flux.handle ⇢ at io.r2dbc.postgresql.client.ReactorNettyClient.<init>(ReactorNettyClient.java:165)
Original Stack Trace:
2026-05-06T23:24:34.198+08:00 ERROR 17620 --- [jetlinks-platform] [reactor-tcp-kqueue-4] i.r.p.client.ReactorNettyClient          : Connection Error
io.netty.channel.unix.Errors$NativeIoException: readAddress(..) failed with error(-54): Connection reset by peer
Suppressed: The stacktrace has been enhanced by Reactor, refer to additional information below: 
Error has been observed at the following site(s):
	*________________ ⇢ at reactor.netty.channel.ChannelOperations.receiveObject(ChannelOperations.java:297)
	|_      Flux.from ⇢ at reactor.netty.ReactorNetty.publisherOrScalarMap(ReactorNetty.java:584)
	|_       Flux.map ⇢ at reactor.netty.ReactorNetty.publisherOrScalarMap(ReactorNetty.java:585)
	|_      Flux.from ⇢ at reactor.netty.ByteBufFlux.fromInbound(ByteBufFlux.java:71)
	|_ Flux.doOnError ⇢ at io.r2dbc.postgresql.client.ReactorNettyClient.<init>(ReactorNettyClient.java:164)
	|_    Flux.handle ⇢ at io.r2dbc.postgresql.client.ReactorNettyClient.<init>(ReactorNettyClient.java:165)
Original Stack Trace:
2026-05-06T23:24:34.203+08:00 ERROR 17620 --- [jetlinks-platform] [reactor-tcp-kqueue-9] i.r.p.client.ReactorNettyClient          : Connection Error
io.netty.channel.unix.Errors$NativeIoException: readAddress(..) failed with error(-54): Connection reset by peer
Suppressed: The stacktrace has been enhanced by Reactor, refer to additional information below: 
Error has been observed at the following site(s):
	*________________ ⇢ at reactor.netty.channel.ChannelOperations.receiveObject(ChannelOperations.java:297)
	|_      Flux.from ⇢ at reactor.netty.ReactorNetty.publisherOrScalarMap(ReactorNetty.java:584)
	|_       Flux.map ⇢ at reactor.netty.ReactorNetty.publisherOrScalarMap(ReactorNetty.java:585)
	|_      Flux.from ⇢ at reactor.netty.ByteBufFlux.fromInbound(ByteBufFlux.java:71)
	|_ Flux.doOnError ⇢ at io.r2dbc.postgresql.client.ReactorNettyClient.<init>(ReactorNettyClient.java:164)
	|_    Flux.handle ⇢ at io.r2dbc.postgresql.client.ReactorNettyClient.<init>(ReactorNettyClient.java:165)
Original Stack Trace:
2026-05-06T23:24:34.200+08:00 ERROR 17620 --- [jetlinks-platform] [reactor-tcp-kqueue-8] i.r.p.client.ReactorNettyClient          : Connection Error
io.netty.channel.unix.Errors$NativeIoException: readAddress(..) failed with error(-54): Connection reset by peer
Suppressed: The stacktrace has been enhanced by Reactor, refer to additional information below: 
Error has been observed at the following site(s):
	*________________ ⇢ at reactor.netty.channel.ChannelOperations.receiveObject(ChannelOperations.java:297)
	|_      Flux.from ⇢ at reactor.netty.ReactorNetty.publisherOrScalarMap(ReactorNetty.java:584)
	|_       Flux.map ⇢ at reactor.netty.ReactorNetty.publisherOrScalarMap(ReactorNetty.java:585)
	|_      Flux.from ⇢ at reactor.netty.ByteBufFlux.fromInbound(ByteBufFlux.java:71)
	|_ Flux.doOnError ⇢ at io.r2dbc.postgresql.client.ReactorNettyClient.<init>(ReactorNettyClient.java:164)
	|_    Flux.handle ⇢ at io.r2dbc.postgresql.client.ReactorNettyClient.<init>(ReactorNettyClient.java:165)
Original Stack Trace:
2026-05-06T23:24:34.200+08:00 ERROR 17620 --- [jetlinks-platform] [reactor-tcp-kqueue-6] i.r.p.client.ReactorNettyClient          : Connection Error
io.netty.channel.unix.Errors$NativeIoException: readAddress(..) failed with error(-54): Connection reset by peer
Suppressed: The stacktrace has been enhanced by Reactor, refer to additional information below: 
Error has been observed at the following site(s):
	*________________ ⇢ at reactor.netty.channel.ChannelOperations.receiveObject(ChannelOperations.java:297)
	|_      Flux.from ⇢ at reactor.netty.ReactorNetty.publisherOrScalarMap(ReactorNetty.java:584)
	|_       Flux.map ⇢ at reactor.netty.ReactorNetty.publisherOrScalarMap(ReactorNetty.java:585)
	|_      Flux.from ⇢ at reactor.netty.ByteBufFlux.fromInbound(ByteBufFlux.java:71)
	|_ Flux.doOnError ⇢ at io.r2dbc.postgresql.client.ReactorNettyClient.<init>(ReactorNettyClient.java:164)
	|_    Flux.handle ⇢ at io.r2dbc.postgresql.client.ReactorNettyClient.<init>(ReactorNettyClient.java:165)
Original Stack Trace:
2026-05-06T23:24:34.216+08:00 ERROR 17620 --- [jetlinks-platform] [reactor-tcp-kqueue-10] o.s.r.c.R2dbcTransactionManager          : Commit exception overridden by rollback exception
org.springframework.dao.DataAccessResourceFailureException: R2DBC commit; An I/O error occurred while sending to the backend or receiving from the backend
	at org.springframework.r2dbc.connection.ConnectionFactoryUtils.convertR2dbcException(ConnectionFactoryUtils.java:243)
Suppressed: The stacktrace has been enhanced by Reactor, refer to additional information below: 
Assembly trace from producer [reactor.core.publisher.MonoOnErrorResume] :
	reactor.core.publisher.Mono.onErrorMap
	org.springframework.r2dbc.connection.R2dbcTransactionManager.doCommit(R2dbcTransactionManager.java:307)
Error has been observed at the following site(s):
	*__Mono.onErrorMap ⇢ at org.springframework.r2dbc.connection.R2dbcTransactionManager.doCommit(R2dbcTransactionManager.java:307)
	|_                 ⇢ at org.springframework.transaction.reactive.AbstractReactiveTransactionManager.lambda$processCommit$32(AbstractReactiveTransactionManager.java:469)
	*_______Mono.defer ⇢ at org.springframework.transaction.reactive.AbstractReactiveTransactionManager.processCommit(AbstractReactiveTransactionManager.java:462)
	*________Mono.then ⇢ at org.springframework.transaction.reactive.AbstractReactiveTransactionManager.processCommit(AbstractReactiveTransactionManager.java:462)
Original Stack Trace:
	at org.springframework.r2dbc.connection.ConnectionFactoryUtils.convertR2dbcException(ConnectionFactoryUtils.java:243)
	at org.springframework.r2dbc.connection.R2dbcTransactionManager.translateException(R2dbcTransactionManager.java:437)
	at org.springframework.r2dbc.connection.R2dbcTransactionManager.lambda$doCommit$9(R2dbcTransactionManager.java:307)
	...52 frames excluded
Caused by: io.r2dbc.postgresql.client.ReactorNettyClient$PostgresConnectionException: [08006] An I/O error occurred while sending to the backend or receiving from the backend
	...1 frames excluded
Suppressed: The stacktrace has been enhanced by Reactor, refer to additional information below: 
Assembly trace from producer [reactor.core.publisher.FluxCreate] :
	reactor.core.publisher.Flux.create
	io.r2dbc.postgresql.client.ReactorNettyClient$BackendMessageSubscriber.addConversation(ReactorNettyClient.java:747)
Error has been observed at the following site(s):
	*_________Flux.create ⇢ at io.r2dbc.postgresql.client.ReactorNettyClient$BackendMessageSubscriber.addConversation(ReactorNettyClient.java:747)
	|_                    ⇢ at io.r2dbc.postgresql.client.Client.exchange(Client.java:79)
	|_   Flux.doOnDiscard ⇢ at io.r2dbc.postgresql.client.SimpleQueryMessageFlow.exchange(SimpleQueryMessageFlow.java:49)
	|_                    ⇢ at io.r2dbc.postgresql.util.Operators.discardOnCancel(Operators.java:43)
	|_        Flux.handle ⇢ at io.r2dbc.postgresql.PostgresqlConnection.exchange(PostgresqlConnection.java:482)
	|_  Flux.doOnComplete ⇢ at io.r2dbc.postgresql.PostgresqlConnection.exchange(PostgresqlConnection.java:490)
	|_          Flux.from ⇢ at io.r2dbc.postgresql.PostgresqlConnection.lambda$commitTransaction$5(PostgresqlConnection.java:200)
	|_  Flux.doOnComplete ⇢ at io.r2dbc.postgresql.PostgresqlConnection.lambda$commitTransaction$5(PostgresqlConnection.java:201)
	|_        Flux.filter ⇢ at io.r2dbc.postgresql.PostgresqlConnection.lambda$commitTransaction$5(PostgresqlConnection.java:202)
	|_          Flux.cast ⇢ at io.r2dbc.postgresql.PostgresqlConnection.lambda$commitTransaction$5(PostgresqlConnection.java:203)
	|_        Flux.handle ⇢ at io.r2dbc.postgresql.PostgresqlConnection.lambda$commitTransaction$5(PostgresqlConnection.java:204)
	|_  Flux.doOnComplete ⇢ at io.r2dbc.postgresql.PostgresqlConnection.lambda$commitTransaction$5(PostgresqlConnection.java:219)
	*__________Flux.defer ⇢ at io.r2dbc.postgresql.PostgresqlConnection.useTransactionStatus(PostgresqlConnection.java:469)
	|_                    ⇢ at io.r2dbc.postgresql.util.Operators.discardOnCancel(Operators.java:43)
	|_          Flux.then ⇢ at io.r2dbc.postgresql.PostgresqlConnection.useTransactionStatus(PostgresqlConnection.java:471)
	|_                    ⇢ at io.r2dbc.postgresql.PostgresqlConnection.commitTransaction(PostgresqlConnection.java:198)
	|_          Mono.from ⇢ at io.r2dbc.pool.PooledConnection.commitTransaction(PooledConnection.java:117)
	|_ Mono.doOnSubscribe ⇢ at io.r2dbc.pool.PooledConnection.commitTransaction(PooledConnection.java:117)
	|_          Mono.from ⇢ at org.springframework.r2dbc.connection.R2dbcTransactionManager$ConnectionFactoryTransactionObject.commit(R2dbcTransactionManager.java:560)
Original Stack Trace:
	...31 frames excluded
Caused by: io.netty.channel.unix.Errors$NativeIoException: readAddress(..) failed with error(-54): Connection reset by peer
Suppressed: The stacktrace has been enhanced by Reactor, refer to additional information below: 
Error has been observed at the following site(s):
	*________________ ⇢ at reactor.netty.channel.ChannelOperations.receiveObject(ChannelOperations.java:297)
	|_      Flux.from ⇢ at reactor.netty.ReactorNetty.publisherOrScalarMap(ReactorNetty.java:584)
	|_       Flux.map ⇢ at reactor.netty.ReactorNetty.publisherOrScalarMap(ReactorNetty.java:585)
	|_      Flux.from ⇢ at reactor.netty.ByteBufFlux.fromInbound(ByteBufFlux.java:71)
	|_ Flux.doOnError ⇢ at io.r2dbc.postgresql.client.ReactorNettyClient.<init>(ReactorNettyClient.java:164)
	|_    Flux.handle ⇢ at io.r2dbc.postgresql.client.ReactorNettyClient.<init>(ReactorNettyClient.java:165)
Original Stack Trace:
2026-05-06T23:24:34.300+08:00  INFO 17620 --- [jetlinks-platform] [lettuce-eventExecutorLoop-5-5] i.l.core.protocol.ConnectionWatchdog     : Reconnecting, last destination was 115.190.219.162/115.190.219.162:6379
2026-05-06T23:24:34.300+08:00  INFO 17620 --- [jetlinks-platform] [lettuce-eventExecutorLoop-5-6] i.l.core.protocol.ConnectionWatchdog     : Reconnecting, last destination was 115.190.219.162/115.190.219.162:6379
2026-05-06T23:24:34.300+08:00  INFO 17620 --- [jetlinks-platform] [lettuce-eventExecutorLoop-5-9] i.l.core.protocol.ConnectionWatchdog     : Reconnecting, last destination was 115.190.219.162/115.190.219.162:6379
2026-05-06T23:24:34.300+08:00  INFO 17620 --- [jetlinks-platform] [lettuce-eventExecutorLoop-5-7] i.l.core.protocol.ConnectionWatchdog     : Reconnecting, last destination was 115.190.219.162/115.190.219.162:6379
2026-05-06T23:24:34.300+08:00  INFO 17620 --- [jetlinks-platform] [lettuce-eventExecutorLoop-5-8] i.l.core.protocol.ConnectionWatchdog     : Reconnecting, last destination was 115.190.219.162/115.190.219.162:6379
2026-05-06T23:24:34.300+08:00  INFO 17620 --- [jetlinks-platform] [lettuce-eventExecutorLoop-5-1] i.l.core.protocol.ConnectionWatchdog     : Reconnecting, last destination was 115.190.219.162/115.190.219.162:6379
2026-05-06T23:24:34.436+08:00  INFO 17620 --- [jetlinks-platform] [lettuce-kqueueEventLoop-7-9] i.l.core.protocol.ReconnectionHandler    : Reconnected to 115.190.219.162/<unresolved>:6379
2026-05-06T23:24:34.436+08:00  INFO 17620 --- [jetlinks-platform] [lettuce-kqueueEventLoop-7-8] i.l.core.protocol.ReconnectionHandler    : Reconnected to 115.190.219.162/<unresolved>:6379
2026-05-06T23:24:34.437+08:00  INFO 17620 --- [jetlinks-platform] [lettuce-kqueueEventLoop-7-1] i.l.core.protocol.ReconnectionHandler    : Reconnected to 115.190.219.162/<unresolved>:6379
2026-05-06T23:24:34.442+08:00 ERROR 17620 --- [jetlinks-platform] [reactor-tcp-kqueue-10] o.j.p.d.service.DeviceFirmwareService    : check timeout error
org.springframework.dao.DataAccessResourceFailureException: R2DBC rollback; Cannot exchange messages because the connection is closed
	at org.springframework.r2dbc.connection.ConnectionFactoryUtils.convertR2dbcException(ConnectionFactoryUtils.java:243)
Suppressed: The stacktrace has been enhanced by Reactor, refer to additional information below: 
Assembly trace from producer [reactor.core.publisher.MonoOnErrorResume] :
	reactor.core.publisher.Mono.onErrorMap
	org.springframework.r2dbc.connection.R2dbcTransactionManager.doRollback(R2dbcTransactionManager.java:319)
Error has been observed at the following site(s):
	*______Mono.onErrorMap ⇢ at org.springframework.r2dbc.connection.R2dbcTransactionManager.doRollback(R2dbcTransactionManager.java:319)
	|_                     ⇢ at org.springframework.transaction.reactive.AbstractReactiveTransactionManager.lambda$doRollbackOnCommitException$53(AbstractReactiveTransactionManager.java:605)
	*___________Mono.defer ⇢ at org.springframework.transaction.reactive.AbstractReactiveTransactionManager.doRollbackOnCommitException(AbstractReactiveTransactionManager.java:600)
	|_  Mono.onErrorResume ⇢ at org.springframework.transaction.reactive.AbstractReactiveTransactionManager.doRollbackOnCommitException(AbstractReactiveTransactionManager.java:614)
	*____________Mono.then ⇢ at org.springframework.transaction.reactive.AbstractReactiveTransactionManager.lambda$doRollbackOnCommitException$56(AbstractReactiveTransactionManager.java:621)
	*____________Mono.then ⇢ at org.springframework.transaction.reactive.AbstractReactiveTransactionManager.doRollbackOnCommitException(AbstractReactiveTransactionManager.java:622)
	*____________Mono.then ⇢ at org.springframework.transaction.reactive.AbstractReactiveTransactionManager.doRollbackOnCommitException(AbstractReactiveTransactionManager.java:623)
	*____________Mono.then ⇢ at org.springframework.transaction.reactive.AbstractReactiveTransactionManager.lambda$processCommit$37(AbstractReactiveTransactionManager.java:501)
	*____________Mono.then ⇢ at org.springframework.transaction.reactive.AbstractReactiveTransactionManager.lambda$processCommit$37(AbstractReactiveTransactionManager.java:502)
	*___Mono.onErrorResume ⇢ at org.springframework.transaction.reactive.AbstractReactiveTransactionManager.processCommit(AbstractReactiveTransactionManager.java:473)
	*____________Mono.then ⇢ at org.springframework.transaction.reactive.AbstractReactiveTransactionManager.processCommit(AbstractReactiveTransactionManager.java:506)
	|_  Mono.onErrorResume ⇢ at org.springframework.transaction.reactive.AbstractReactiveTransactionManager.processCommit(AbstractReactiveTransactionManager.java:517)
	*____________Mono.then ⇢ at org.springframework.transaction.reactive.AbstractReactiveTransactionManager.lambda$processCommit$42(AbstractReactiveTransactionManager.java:517)
	*____________Mono.then ⇢ at org.springframework.transaction.reactive.AbstractReactiveTransactionManager.processCommit(AbstractReactiveTransactionManager.java:518)
	|_                     ⇢ at org.springframework.transaction.reactive.AbstractReactiveTransactionManager.lambda$commit$30(AbstractReactiveTransactionManager.java:444)
	*_________Mono.flatMap ⇢ at org.springframework.transaction.reactive.AbstractReactiveTransactionManager.commit(AbstractReactiveTransactionManager.java:436)
	|_                     ⇢ at org.springframework.transaction.interceptor.TransactionAspectSupport$ReactiveTransactionSupport.commitTransactionAfterReturning(TransactionAspectSupport.java:1013)
	*______Mono.onErrorMap ⇢ at org.springframework.transaction.interceptor.TransactionAspectSupport$ReactiveTransactionSupport.lambda$invokeWithinTransaction$1(TransactionAspectSupport.java:938)
	*_________Mono.flatMap ⇢ at org.springframework.transaction.interceptor.TransactionAspectSupport$ReactiveTransactionSupport.invokeWithinTransaction(TransactionAspectSupport.java:924)
	|_   Mono.contextWrite ⇢ at org.springframework.transaction.interceptor.TransactionAspectSupport$ReactiveTransactionSupport.invokeWithinTransaction(TransactionAspectSupport.java:939)
	|_   Mono.contextWrite ⇢ at org.springframework.transaction.interceptor.TransactionAspectSupport$ReactiveTransactionSupport.invokeWithinTransaction(TransactionAspectSupport.java:940)
	|_     Mono.onErrorMap ⇢ at org.hswebframework.ezorm.rdb.operator.dml.update.DefaultUpdateResultOperator.lambda$reactive$2(DefaultUpdateResultOperator.java:30)
	*___________Mono.defer ⇢ at org.hswebframework.ezorm.rdb.operator.dml.update.DefaultUpdateResultOperator.reactive(DefaultUpdateResultOperator.java:27)
	*________Mono.thenMany ⇢ at org.hswebframework.ezorm.rdb.mapping.events.EventResultOperator.lambda$create$3(EventResultOperator.java:69)
	|_            Flux.map ⇢ at org.hswebframework.ezorm.rdb.mapping.events.EventResultOperator.lambda$create$3(EventResultOperator.java:71)
	|_ Flux.defaultIfEmpty ⇢ at org.hswebframework.ezorm.rdb.mapping.events.EventResultOperator.lambda$create$3(EventResultOperator.java:73)
	|_        Flux.flatMap ⇢ at org.hswebframework.ezorm.rdb.mapping.events.EventResultOperator.lambda$create$3(EventResultOperator.java:74)
	*_____Mono.flatMapMany ⇢ at org.hswebframework.ezorm.rdb.mapping.events.EventResultOperator.lambda$create$6(EventResultOperator.java:66)
	|_   Mono.contextWrite ⇢ at org.hswebframework.ezorm.rdb.mapping.defaults.DefaultReactiveUpdate.execute(DefaultReactiveUpdate.java:35)
	|_                     ⇢ at org.hswebframework.ezorm.rdb.mapping.defaults.DefaultReactiveUpdate.lambda$new$0(DefaultReactiveUpdate.java:29)
Original Stack Trace:
	at org.springframework.r2dbc.connection.ConnectionFactoryUtils.convertR2dbcException(ConnectionFactoryUtils.java:243)
	at org.springframework.r2dbc.connection.R2dbcTransactionManager.translateException(R2dbcTransactionManager.java:437)
	at org.springframework.r2dbc.connection.R2dbcTransactionManager.lambda$doRollback$10(R2dbcTransactionManager.java:319)
	...138 frames excluded
Caused by: io.r2dbc.postgresql.client.ReactorNettyClient$PostgresConnectionClosedException: [08006] Cannot exchange messages because the connection is closed
	...1 frames excluded
Suppressed: The stacktrace has been enhanced by Reactor, refer to additional information below: 
Assembly trace from producer [reactor.core.publisher.FluxCreate] :
	reactor.core.publisher.Flux.create
	io.r2dbc.postgresql.client.ReactorNettyClient$BackendMessageSubscriber.addConversation(ReactorNettyClient.java:747)
Error has been observed at the following site(s):
	*_________Flux.create ⇢ at io.r2dbc.postgresql.client.ReactorNettyClient$BackendMessageSubscriber.addConversation(ReactorNettyClient.java:747)
	|_                    ⇢ at io.r2dbc.postgresql.client.Client.exchange(Client.java:79)
	|_   Flux.doOnDiscard ⇢ at io.r2dbc.postgresql.client.SimpleQueryMessageFlow.exchange(SimpleQueryMessageFlow.java:49)
	|_                    ⇢ at io.r2dbc.postgresql.util.Operators.discardOnCancel(Operators.java:43)
	|_        Flux.handle ⇢ at io.r2dbc.postgresql.PostgresqlConnection.exchange(PostgresqlConnection.java:482)
	|_  Flux.doOnComplete ⇢ at io.r2dbc.postgresql.PostgresqlConnection.exchange(PostgresqlConnection.java:490)
	|_  Flux.doOnComplete ⇢ at io.r2dbc.postgresql.PostgresqlConnection.lambda$rollbackTransaction$8(PostgresqlConnection.java:325)
	*__________Flux.defer ⇢ at io.r2dbc.postgresql.PostgresqlConnection.useTransactionStatus(PostgresqlConnection.java:469)
	|_                    ⇢ at io.r2dbc.postgresql.util.Operators.discardOnCancel(Operators.java:43)
	|_          Flux.then ⇢ at io.r2dbc.postgresql.PostgresqlConnection.useTransactionStatus(PostgresqlConnection.java:471)
	|_                    ⇢ at io.r2dbc.postgresql.PostgresqlConnection.rollbackTransaction(PostgresqlConnection.java:323)
	|_          Mono.from ⇢ at io.r2dbc.pool.PooledConnection.rollbackTransaction(PooledConnection.java:164)
	|_ Mono.doOnSubscribe ⇢ at io.r2dbc.pool.PooledConnection.rollbackTransaction(PooledConnection.java:164)
	|_          Mono.from ⇢ at org.springframework.r2dbc.connection.R2dbcTransactionManager$ConnectionFactoryTransactionObject.rollback(R2dbcTransactionManager.java:568)
Original Stack Trace:
	...122 frames excluded
Caused by: io.netty.channel.unix.Errors$NativeIoException: writeAddress(..) failed with error(-32): Broken pipe
Suppressed: The stacktrace has been enhanced by Reactor, refer to additional information below: 
Assembly trace from producer [reactor.core.publisher.MonoFlatMap] :
	reactor.core.publisher.Mono.flatMap
	reactor.netty.channel.ChannelOperations.send(ChannelOperations.java:313)
Error has been observed at the following site(s):
	*______Mono.flatMap ⇢ at reactor.netty.channel.ChannelOperations.send(ChannelOperations.java:313)
	|_ Mono.doOnDiscard ⇢ at reactor.netty.channel.ChannelOperations.send(ChannelOperations.java:314)
	*____Mono.thenEmpty ⇢ at reactor.netty.ReactorNetty$OutboundThen.<init>(ReactorNetty.java:757)
	|_                  ⇢ at reactor.netty.ReactorNetty$OutboundThen.then(ReactorNetty.java:807)
	*______Flux.flatMap ⇢ at io.r2dbc.postgresql.client.ReactorNettyClient.<init>(ReactorNettyClient.java:177)
	|_        Flux.then ⇢ at io.r2dbc.postgresql.client.ReactorNettyClient.<init>(ReactorNettyClient.java:183)
Original Stack Trace:
2026-05-06T23:24:34.444+08:00  WARN 17620 --- [jetlinks-platform] [reactor-tcp-kqueue-10] i.r.p.client.ReactorNettyClient          : Connection Error
io.netty.channel.unix.Errors$NativeIoException: writeAddress(..) failed with error(-32): Broken pipe
Suppressed: The stacktrace has been enhanced by Reactor, refer to additional information below: 
Assembly trace from producer [reactor.core.publisher.MonoFlatMap] :
	reactor.core.publisher.Mono.flatMap
	reactor.netty.channel.ChannelOperations.send(ChannelOperations.java:313)
Error has been observed at the following site(s):
	*______Mono.flatMap ⇢ at reactor.netty.channel.ChannelOperations.send(ChannelOperations.java:313)
	|_ Mono.doOnDiscard ⇢ at reactor.netty.channel.ChannelOperations.send(ChannelOperations.java:314)
	*____Mono.thenEmpty ⇢ at reactor.netty.ReactorNetty$OutboundThen.<init>(ReactorNetty.java:757)
	|_                  ⇢ at reactor.netty.ReactorNetty$OutboundThen.then(ReactorNetty.java:807)
	*______Flux.flatMap ⇢ at io.r2dbc.postgresql.client.ReactorNettyClient.<init>(ReactorNettyClient.java:177)
	|_        Flux.then ⇢ at io.r2dbc.postgresql.client.ReactorNettyClient.<init>(ReactorNettyClient.java:183)
Original Stack Trace:
2026-05-06T23:24:34.444+08:00 ERROR 17620 --- [jetlinks-platform] [reactor-tcp-kqueue-10] i.r.p.client.ReactorNettyClient          : Connection Error
io.netty.channel.unix.Errors$NativeIoException: readAddress(..) failed with error(-54): Connection reset by peer
Suppressed: The stacktrace has been enhanced by Reactor, refer to additional information below: 
Error has been observed at the following site(s):
	*________________ ⇢ at reactor.netty.channel.ChannelOperations.receiveObject(ChannelOperations.java:297)
	|_      Flux.from ⇢ at reactor.netty.ReactorNetty.publisherOrScalarMap(ReactorNetty.java:584)
	|_       Flux.map ⇢ at reactor.netty.ReactorNetty.publisherOrScalarMap(ReactorNetty.java:585)
	|_      Flux.from ⇢ at reactor.netty.ByteBufFlux.fromInbound(ByteBufFlux.java:71)
	|_ Flux.doOnError ⇢ at io.r2dbc.postgresql.client.ReactorNettyClient.<init>(ReactorNettyClient.java:164)
	|_    Flux.handle ⇢ at io.r2dbc.postgresql.client.ReactorNettyClient.<init>(ReactorNettyClient.java:165)
Original Stack Trace:
2026-05-06T23:24:34.458+08:00  INFO 17620 --- [jetlinks-platform] [lettuce-kqueueEventLoop-7-7] i.l.core.protocol.ReconnectionHandler    : Reconnected to 115.190.219.162/<unresolved>:6379
2026-05-06T23:24:34.468+08:00  INFO 17620 --- [jetlinks-platform] [lettuce-kqueueEventLoop-7-2] i.l.core.protocol.ReconnectionHandler    : Reconnected to 115.190.219.162/<unresolved>:6379
2026-05-06T23:24:34.480+08:00  INFO 17620 --- [jetlinks-platform] [lettuce-kqueueEventLoop-7-10] i.l.core.protocol.ReconnectionHandler    : Reconnected to 115.190.219.162/<unresolved>:6379
2026-05-06T23:24:35.206+08:00  INFO 17620 --- [jetlinks-platform] [boundedElastic-5] o.j.pro.tracing.LocalTracingService      : flush tracing data...
2026-05-06T23:24:35.207+08:00  INFO 17620 --- [jetlinks-platform] [boundedElastic-5] o.j.pro.tracing.LocalTracingService      : flush tracing data complete,size 0,use time 0
2026-05-06T23:24:43.626+08:00  WARN 17620 --- [jetlinks-platform] [reactor-tcp-kqueue-8] o.h.w.c.web.CommonErrorControllerAdvice  : Could not open R2DBC Connection for transaction
org.springframework.transaction.CannotCreateTransactionException: Could not open R2DBC Connection for transaction
	at org.springframework.r2dbc.connection.R2dbcTransactionManager.lambda$doBegin$5(R2dbcTransactionManager.java:231)
Suppressed: The stacktrace has been enhanced by Reactor, refer to additional information below: 
Assembly trace from producer [reactor.core.publisher.MonoOnErrorResume] :
	reactor.core.publisher.Mono.onErrorMap
	org.springframework.r2dbc.connection.R2dbcTransactionManager.lambda$doBegin$6(R2dbcTransactionManager.java:231)
Error has been observed at the following site(s):
	*_______Mono.onErrorMap ⇢ at org.springframework.r2dbc.connection.R2dbcTransactionManager.lambda$doBegin$6(R2dbcTransactionManager.java:231)
	*____________Mono.defer ⇢ at org.springframework.r2dbc.connection.R2dbcTransactionManager.doBegin(R2dbcTransactionManager.java:195)
	|_            Mono.then ⇢ at org.springframework.r2dbc.connection.R2dbcTransactionManager.doBegin(R2dbcTransactionManager.java:233)
	|_     Mono.doOnSuccess ⇢ at org.springframework.transaction.reactive.AbstractReactiveTransactionManager.lambda$getReactiveTransaction$4(AbstractReactiveTransactionManager.java:162)
	|_       Mono.doOnError ⇢ at org.springframework.transaction.reactive.AbstractReactiveTransactionManager.lambda$getReactiveTransaction$4(AbstractReactiveTransactionManager.java:163)
	*_______Mono.thenReturn ⇢ at org.springframework.transaction.reactive.AbstractReactiveTransactionManager.lambda$getReactiveTransaction$4(AbstractReactiveTransactionManager.java:164)
	*____________Mono.defer ⇢ at org.springframework.transaction.reactive.AbstractReactiveTransactionManager.lambda$getReactiveTransaction$8(AbstractReactiveTransactionManager.java:156)
	|_     Mono.doOnSuccess ⇢ at org.springframework.transaction.reactive.AbstractReactiveTransactionManager.lambda$getReactiveTransaction$8(AbstractReactiveTransactionManager.java:165)
	|_   Mono.onErrorResume ⇢ at org.springframework.transaction.reactive.AbstractReactiveTransactionManager.lambda$getReactiveTransaction$8(AbstractReactiveTransactionManager.java:166)
	*_____________Mono.then ⇢ at org.springframework.transaction.reactive.AbstractReactiveTransactionManager.lambda$getReactiveTransaction$7(AbstractReactiveTransactionManager.java:168)
	*__________Mono.flatMap ⇢ at org.springframework.transaction.reactive.AbstractReactiveTransactionManager.lambda$getReactiveTransaction$9(AbstractReactiveTransactionManager.java:152)
	*__________Mono.flatMap ⇢ at org.springframework.transaction.reactive.AbstractReactiveTransactionManager.lambda$getReactiveTransaction$10(AbstractReactiveTransactionManager.java:148)
	*__________Mono.flatMap ⇢ at org.springframework.transaction.reactive.AbstractReactiveTransactionManager.getReactiveTransaction(AbstractReactiveTransactionManager.java:120)
	|_             Mono.map ⇢ at org.springframework.transaction.interceptor.TransactionAspectSupport$ReactiveTransactionSupport.createTransactionIfNecessary(TransactionAspectSupport.java:979)
	|_   Mono.switchIfEmpty ⇢ at org.springframework.transaction.interceptor.TransactionAspectSupport$ReactiveTransactionSupport.createTransactionIfNecessary(TransactionAspectSupport.java:979)
	*________Mono.usingWhen ⇢ at org.springframework.transaction.interceptor.TransactionAspectSupport$ReactiveTransactionSupport.lambda$invokeWithinTransaction$1(TransactionAspectSupport.java:925)
	|_      Mono.onErrorMap ⇢ at org.springframework.transaction.interceptor.TransactionAspectSupport$ReactiveTransactionSupport.lambda$invokeWithinTransaction$1(TransactionAspectSupport.java:938)
	*__________Mono.flatMap ⇢ at org.springframework.transaction.interceptor.TransactionAspectSupport$ReactiveTransactionSupport.invokeWithinTransaction(TransactionAspectSupport.java:924)
	|_    Mono.contextWrite ⇢ at org.springframework.transaction.interceptor.TransactionAspectSupport$ReactiveTransactionSupport.invokeWithinTransaction(TransactionAspectSupport.java:939)
	|_    Mono.contextWrite ⇢ at org.springframework.transaction.interceptor.TransactionAspectSupport$ReactiveTransactionSupport.invokeWithinTransaction(TransactionAspectSupport.java:940)
... omitted 1 lines ...
	*__________Mono.flatMap ⇢ at org.jetlinks.pro.auth.web.UserDetailController.getCurrentLoginUserDetail(UserDetailController.java:159)
	|_            Mono.flux ⇢ at org.hswebframework.web.logging.aop.ReactiveAopAccessLoggerSupport.wrapMonoResponse(ReactiveAopAccessLoggerSupport.java:120)
	*_________Mono.thenMany ⇢ at org.hswebframework.web.logging.aop.ReactiveAopAccessLoggerSupport.lambda$wrapFluxResponse$3(ReactiveAopAccessLoggerSupport.java:89)
	|_       Flux.doOnError ⇢ at org.hswebframework.web.logging.aop.ReactiveAopAccessLoggerSupport.lambda$wrapFluxResponse$3(ReactiveAopAccessLoggerSupport.java:90)
	|_       Flux.doFinally ⇢ at org.hswebframework.web.logging.aop.ReactiveAopAccessLoggerSupport.lambda$wrapFluxResponse$3(ReactiveAopAccessLoggerSupport.java:91)
	*__Flux.deferContextual ⇢ at org.hswebframework.web.logging.aop.ReactiveAopAccessLoggerSupport.wrapFluxResponse(ReactiveAopAccessLoggerSupport.java:85)
	|_   Flux.singleOrEmpty ⇢ at org.hswebframework.web.logging.aop.ReactiveAopAccessLoggerSupport.wrapMonoResponse(ReactiveAopAccessLoggerSupport.java:121)
	|_    Mono.contextWrite ⇢ at org.hswebframework.web.logging.aop.ReactiveAopAccessLoggerSupport.lambda$new$0(ReactiveAopAccessLoggerSupport.java:66)
	|_                      ⇢ at org.hswebframework.web.authorization.basic.aop.AopAuthorizingController.lambda$invokeReactive$1(AopAuthorizingController.java:93)
	*____________Mono.defer ⇢ at org.hswebframework.web.authorization.basic.aop.AopAuthorizingController.invokeReactive(AopAuthorizingController.java:93)
	*_____________Mono.then ⇢ at org.hswebframework.web.authorization.basic.aop.AopAuthorizingController.invokeReactive(AopAuthorizingController.java:86)
	|_             Mono.map ⇢ at org.hswebframework.web.crud.web.ResponseMessageWrapper.handleResult(ResponseMessageWrapper.java:114)
	|_   Mono.switchIfEmpty ⇢ at org.hswebframework.web.crud.web.ResponseMessageWrapper.handleResult(ResponseMessageWrapper.java:115)
	|_            Mono.from ⇢ at org.springframework.core.ReactiveAdapterRegistry$ReactorAdapter.toPublisher(ReactiveAdapterRegistry.java:259)
	|_            Mono.from ⇢ at org.hswebframework.web.starter.jackson.CustomJackson2jsonEncoder.encode(CustomJackson2jsonEncoder.java:135)
	*______________Mono.zip ⇢ at org.hswebframework.web.starter.jackson.CustomJackson2jsonEncoder.encode(CustomJackson2jsonEncoder.java:133)
	|_            Mono.flux ⇢ at org.hswebframework.web.starter.jackson.CustomJackson2jsonEncoder.encode(CustomJackson2jsonEncoder.java:139)
	|_   Flux.singleOrEmpty ⇢ at org.springframework.http.codec.EncoderHttpMessageWriter.write(EncoderHttpMessageWriter.java:128)
	|_   Mono.switchIfEmpty ⇢ at org.springframework.http.codec.EncoderHttpMessageWriter.write(EncoderHttpMessageWriter.java:129)
	|_         Mono.flatMap ⇢ at org.springframework.http.codec.EncoderHttpMessageWriter.write(EncoderHttpMessageWriter.java:134)
	|_     Mono.doOnDiscard ⇢ at org.springframework.http.codec.EncoderHttpMessageWriter.write(EncoderHttpMessageWriter.java:140)
	|_                      ⇢ at org.springframework.http.codec.EncoderHttpMessageWriter.write(EncoderHttpMessageWriter.java:217)
	|_                      ⇢ at org.springframework.web.reactive.result.method.annotation.AbstractMessageWriterResultHandler.writeBody(AbstractMessageWriterResultHandler.java:154)
	|_           checkpoint ⇢ Handler org.jetlinks.pro.auth.web.UserDetailController#getCurrentLoginUserDetail() [DispatcherHandler]
Original Stack Trace:
	at org.springframework.r2dbc.connection.R2dbcTransactionManager.lambda$doBegin$5(R2dbcTransactionManager.java:231)
	...50 frames excluded
	at io.netty.util.concurrent.PromiseTask.runTask(PromiseTask.java:96)
	at io.netty.util.concurrent.PromiseTask.run(PromiseTask.java:106)
	...10 frames excluded
Caused by: io.r2dbc.spi.R2dbcNonTransientResourceException: Connection validation failed
	...1 frames excluded
Suppressed: The stacktrace has been enhanced by Reactor, refer to additional information below: 
Assembly trace from producer [reactor.core.publisher.FluxHandleFuseable] :
	reactor.core.publisher.Flux.handle
	io.r2dbc.pool.Validation.validate(Validation.java:38)
Error has been observed at the following site(s):
	*_________Flux.handle ⇢ at io.r2dbc.pool.Validation.validate(Validation.java:38)
	|_          Flux.then ⇢ at io.r2dbc.pool.Validation.validate(Validation.java:46)
	|_          Mono.name ⇢ at io.r2dbc.pool.Validation.validate(Validation.java:46)
	|_                    ⇢ at io.r2dbc.pool.ConnectionPool.lambda$getValidation$17(ConnectionPool.java:224)
	*_____Mono.thenReturn ⇢ at io.r2dbc.pool.ConnectionPool.getValidConnection(ConnectionPool.java:202)
	|_ Mono.onErrorResume ⇢ at io.r2dbc.pool.ConnectionPool.prepareConnection(ConnectionPool.java:197)
	|_                    ⇢ at io.r2dbc.pool.ConnectionPool.lambda$null$2(ConnectionPool.java:131)
	*___________Mono.then ⇢ at io.r2dbc.pool.ConnectionPool.lambda$prepareConnection$13(ConnectionPool.java:197)
	*________Mono.flatMap ⇢ at io.r2dbc.pool.ConnectionPool.lambda$null$4(ConnectionPool.java:130)
	|_                    ⇢ at io.r2dbc.pool.Operators.discardOnCancel(Operators.java:62)
	*________Mono.flatMap ⇢ at io.r2dbc.pool.ConnectionPool.lambda$new$11(ConnectionPool.java:107)
	|_          Mono.name ⇢ at io.r2dbc.pool.ConnectionPool.lambda$new$11(ConnectionPool.java:142)
	*__________Mono.defer ⇢ at io.r2dbc.pool.ConnectionPool.<init>(ConnectionPool.java:104)
	|_         Mono.retry ⇢ at io.r2dbc.pool.ConnectionPool.<init>(ConnectionPool.java:167)
	|_                    ⇢ at io.r2dbc.pool.ConnectionPool.create(ConnectionPool.java:327)
	|_          Mono.from ⇢ at org.springframework.r2dbc.connection.R2dbcTransactionManager.lambda$doBegin$6(R2dbcTransactionManager.java:199)
	|_      Mono.doOnNext ⇢ at org.springframework.r2dbc.connection.R2dbcTransactionManager.lambda$doBegin$6(R2dbcTransactionManager.java:200)
	|_       Mono.flatMap ⇢ at org.springframework.r2dbc.connection.R2dbcTransactionManager.lambda$doBegin$6(R2dbcTransactionManager.java:212)
Original Stack Trace:
	...16 frames excluded
	at io.netty.util.concurrent.PromiseTask.runTask(PromiseTask.java:96)
	at io.netty.util.concurrent.PromiseTask.run(PromiseTask.java:106)
	...10 frames excluded
2026-05-06T23:24:43.928+08:00 ERROR 17620 --- [jetlinks-platform] [reactor-tcp-kqueue-6] o.j.p.d.service.DeviceFirmwareService    : check timeout error
org.springframework.transaction.CannotCreateTransactionException: Could not open R2DBC Connection for transaction
	at org.springframework.r2dbc.connection.R2dbcTransactionManager.lambda$doBegin$5(R2dbcTransactionManager.java:231)
Suppressed: The stacktrace has been enhanced by Reactor, refer to additional information below: 
Assembly trace from producer [reactor.core.publisher.MonoOnErrorResume] :
	reactor.core.publisher.Mono.onErrorMap
	org.springframework.r2dbc.connection.R2dbcTransactionManager.lambda$doBegin$6(R2dbcTransactionManager.java:231)
Error has been observed at the following site(s):
	*_______Mono.onErrorMap ⇢ at org.springframework.r2dbc.connection.R2dbcTransactionManager.lambda$doBegin$6(R2dbcTransactionManager.java:231)
	*____________Mono.defer ⇢ at org.springframework.r2dbc.connection.R2dbcTransactionManager.doBegin(R2dbcTransactionManager.java:195)
	|_            Mono.then ⇢ at org.springframework.r2dbc.connection.R2dbcTransactionManager.doBegin(R2dbcTransactionManager.java:233)
	|_     Mono.doOnSuccess ⇢ at org.springframework.transaction.reactive.AbstractReactiveTransactionManager.lambda$getReactiveTransaction$4(AbstractReactiveTransactionManager.java:162)
	|_       Mono.doOnError ⇢ at org.springframework.transaction.reactive.AbstractReactiveTransactionManager.lambda$getReactiveTransaction$4(AbstractReactiveTransactionManager.java:163)
	*_______Mono.thenReturn ⇢ at org.springframework.transaction.reactive.AbstractReactiveTransactionManager.lambda$getReactiveTransaction$4(AbstractReactiveTransactionManager.java:164)
	*____________Mono.defer ⇢ at org.springframework.transaction.reactive.AbstractReactiveTransactionManager.lambda$getReactiveTransaction$8(AbstractReactiveTransactionManager.java:156)
	|_     Mono.doOnSuccess ⇢ at org.springframework.transaction.reactive.AbstractReactiveTransactionManager.lambda$getReactiveTransaction$8(AbstractReactiveTransactionManager.java:165)
	|_   Mono.onErrorResume ⇢ at org.springframework.transaction.reactive.AbstractReactiveTransactionManager.lambda$getReactiveTransaction$8(AbstractReactiveTransactionManager.java:166)
	*_____________Mono.then ⇢ at org.springframework.transaction.reactive.AbstractReactiveTransactionManager.lambda$getReactiveTransaction$7(AbstractReactiveTransactionManager.java:168)
	*__________Mono.flatMap ⇢ at org.springframework.transaction.reactive.AbstractReactiveTransactionManager.lambda$getReactiveTransaction$9(AbstractReactiveTransactionManager.java:152)
	*__________Mono.flatMap ⇢ at org.springframework.transaction.reactive.AbstractReactiveTransactionManager.lambda$getReactiveTransaction$10(AbstractReactiveTransactionManager.java:148)
	*__________Mono.flatMap ⇢ at org.springframework.transaction.reactive.AbstractReactiveTransactionManager.getReactiveTransaction(AbstractReactiveTransactionManager.java:120)
	|_             Mono.map ⇢ at org.springframework.transaction.interceptor.TransactionAspectSupport$ReactiveTransactionSupport.createTransactionIfNecessary(TransactionAspectSupport.java:979)
	|_   Mono.switchIfEmpty ⇢ at org.springframework.transaction.interceptor.TransactionAspectSupport$ReactiveTransactionSupport.createTransactionIfNecessary(TransactionAspectSupport.java:979)
	*________Flux.usingWhen ⇢ at org.springframework.transaction.interceptor.TransactionAspectSupport$ReactiveTransactionSupport.lambda$invokeWithinTransaction$3(TransactionAspectSupport.java:945)
	|_      Flux.onErrorMap ⇢ at org.springframework.transaction.interceptor.TransactionAspectSupport$ReactiveTransactionSupport.lambda$invokeWithinTransaction$3(TransactionAspectSupport.java:958)
	*______Mono.flatMapMany ⇢ at org.springframework.transaction.interceptor.TransactionAspectSupport$ReactiveTransactionSupport.invokeWithinTransaction(TransactionAspectSupport.java:944)
	|_    Flux.contextWrite ⇢ at org.springframework.transaction.interceptor.TransactionAspectSupport$ReactiveTransactionSupport.invokeWithinTransaction(TransactionAspectSupport.java:959)
	|_    Flux.contextWrite ⇢ at org.springframework.transaction.interceptor.TransactionAspectSupport$ReactiveTransactionSupport.invokeWithinTransaction(TransactionAspectSupport.java:960)
	|_      Flux.onErrorMap ⇢ at org.hswebframework.ezorm.rdb.operator.dml.query.DefaultQueryResultOperator.lambda$reactive$2(DefaultQueryResultOperator.java:54)
	*____________Flux.defer ⇢ at org.hswebframework.ezorm.rdb.operator.dml.query.DefaultQueryResultOperator.reactive(DefaultQueryResultOperator.java:50)
	*____________Flux.defer ⇢ at org.hswebframework.ezorm.rdb.mapping.defaults.DefaultReactiveQuery.doFetch(DefaultReactiveQuery.java:105)
	*_________Mono.thenMany ⇢ at org.hswebframework.ezorm.rdb.mapping.defaults.DefaultReactiveQuery.doFetch(DefaultReactiveQuery.java:105)
	|_    Flux.contextWrite ⇢ at org.hswebframework.ezorm.rdb.mapping.defaults.DefaultReactiveQuery.fetch(DefaultReactiveQuery.java:66)
	|_     Flux.collectList ⇢ at org.hswebframework.web.crud.events.EntityEventListener.lambda$handleUpdateBefore$7(EntityEventListener.java:395)
	|_         Mono.flatMap ⇢ at org.hswebframework.web.crud.events.EntityEventListener.lambda$handleUpdateBefore$7(EntityEventListener.java:396)
	|_            Mono.then ⇢ at org.hswebframework.web.crud.events.EntityEventListener.lambda$handleUpdateBefore$7(EntityEventListener.java:417)
	|_                      ⇢ at org.hswebframework.web.crud.events.EntityEventHelper.lambda$tryFireEvent$1(EntityEventHelper.java:42)
	*__Mono.deferContextual ⇢ at org.hswebframework.web.crud.events.EntityEventHelper.tryFireEvent(EntityEventHelper.java:40)
	|_                      ⇢ at org.hswebframework.web.crud.events.EntityEventListener.doAsyncEvent(EntityEventListener.java:759)
	*___________Flux.concat ⇢ at org.hswebframework.ezorm.rdb.mapping.events.DefaultReactiveResultHolder.doBefore(DefaultReactiveResultHolder.java:37)
	|_            Flux.then ⇢ at org.hswebframework.ezorm.rdb.mapping.events.DefaultReactiveResultHolder.doBefore(DefaultReactiveResultHolder.java:38)
	*_____________Mono.then ⇢ at org.hswebframework.ezorm.rdb.mapping.events.EventResultOperator.lambda$create$6(EventResultOperator.java:65)
	|_     Mono.flatMapMany ⇢ at org.hswebframework.ezorm.rdb.mapping.events.EventResultOperator.lambda$create$6(EventResultOperator.java:66)
	|_    Mono.contextWrite ⇢ at org.hswebframework.ezorm.rdb.mapping.defaults.DefaultReactiveUpdate.execute(DefaultReactiveUpdate.java:35)
	|_                      ⇢ at org.hswebframework.ezorm.rdb.mapping.defaults.DefaultReactiveUpdate.lambda$new$0(DefaultReactiveUpdate.java:29)
Original Stack Trace:
	at org.springframework.r2dbc.connection.R2dbcTransactionManager.lambda$doBegin$5(R2dbcTransactionManager.java:231)
	...50 frames excluded
	at io.netty.util.concurrent.PromiseTask.runTask(PromiseTask.java:96)
	at io.netty.util.concurrent.PromiseTask.run(PromiseTask.java:106)
	...10 frames excluded
Caused by: io.r2dbc.spi.R2dbcNonTransientResourceException: Connection validation failed
	...1 frames excluded
Suppressed: The stacktrace has been enhanced by Reactor, refer to additional information below: 
Assembly trace from producer [reactor.core.publisher.FluxHandleFuseable] :
	reactor.core.publisher.Flux.handle
	io.r2dbc.pool.Validation.validate(Validation.java:38)
Error has been observed at the following site(s):
	*_________Flux.handle ⇢ at io.r2dbc.pool.Validation.validate(Validation.java:38)
	|_          Flux.then ⇢ at io.r2dbc.pool.Validation.validate(Validation.java:46)
	|_          Mono.name ⇢ at io.r2dbc.pool.Validation.validate(Validation.java:46)
	|_                    ⇢ at io.r2dbc.pool.ConnectionPool.lambda$getValidation$17(ConnectionPool.java:224)
	*_____Mono.thenReturn ⇢ at io.r2dbc.pool.ConnectionPool.getValidConnection(ConnectionPool.java:202)
	|_ Mono.onErrorResume ⇢ at io.r2dbc.pool.ConnectionPool.prepareConnection(ConnectionPool.java:197)
	|_                    ⇢ at io.r2dbc.pool.ConnectionPool.lambda$null$2(ConnectionPool.java:131)
	*___________Mono.then ⇢ at io.r2dbc.pool.ConnectionPool.lambda$prepareConnection$13(ConnectionPool.java:197)
	*________Mono.flatMap ⇢ at io.r2dbc.pool.ConnectionPool.lambda$null$4(ConnectionPool.java:130)
	|_                    ⇢ at io.r2dbc.pool.Operators.discardOnCancel(Operators.java:62)
	*________Mono.flatMap ⇢ at io.r2dbc.pool.ConnectionPool.lambda$new$11(ConnectionPool.java:107)
	|_          Mono.name ⇢ at io.r2dbc.pool.ConnectionPool.lambda$new$11(ConnectionPool.java:142)
	*__________Mono.defer ⇢ at io.r2dbc.pool.ConnectionPool.<init>(ConnectionPool.java:104)
	|_         Mono.retry ⇢ at io.r2dbc.pool.ConnectionPool.<init>(ConnectionPool.java:167)
	|_                    ⇢ at io.r2dbc.pool.ConnectionPool.create(ConnectionPool.java:327)
	|_          Mono.from ⇢ at org.springframework.r2dbc.connection.R2dbcTransactionManager.lambda$doBegin$6(R2dbcTransactionManager.java:199)
	|_      Mono.doOnNext ⇢ at org.springframework.r2dbc.connection.R2dbcTransactionManager.lambda$doBegin$6(R2dbcTransactionManager.java:200)
	|_       Mono.flatMap ⇢ at org.springframework.r2dbc.connection.R2dbcTransactionManager.lambda$doBegin$6(R2dbcTransactionManager.java:212)
Original Stack Trace:
	...16 frames excluded
	at io.netty.util.concurrent.PromiseTask.runTask(PromiseTask.java:96)
	at io.netty.util.concurrent.PromiseTask.run(PromiseTask.java:106)
	...10 frames excluded
2026-05-06T23:25:03.654+08:00  INFO 17620 --- [jetlinks-platform] [things-data-writer-15] o.j.p.t.data.LocalFileThingsDataManager  : flushing thing data, in memory size:0
2026-05-06T23:25:03.656+08:00  INFO 17620 --- [jetlinks-platform] [things-data-writer-15] o.j.p.t.data.LocalFileThingsDataManager  : flushing thing data complete 2ms, in memory size:0
2026-05-06T23:25:05.207+08:00  INFO 17620 --- [jetlinks-platform] [boundedElastic-5] o.j.pro.tracing.LocalTracingService      : flush tracing data...
2026-05-06T23:25:05.207+08:00  INFO 17620 --- [jetlinks-platform] [boundedElastic-5] o.j.pro.tracing.LocalTracingService      : flush tracing data complete,size 0,use time 0
2026-05-06T23:25:33.654+08:00  INFO 17620 --- [jetlinks-platform] [things-data-writer-15] o.j.p.t.data.LocalFileThingsDataManager  : flushing thing data, in memory size:0
2026-05-06T23:25:33.656+08:00  INFO 17620 --- [jetlinks-platform] [things-data-writer-15] o.j.p.t.data.LocalFileThingsDataManager  : flushing thing data complete 2ms, in memory size:0
2026-05-06T23:25:35.209+08:00  INFO 17620 --- [jetlinks-platform] [boundedElastic-5] o.j.pro.tracing.LocalTracingService      : flush tracing data...
2026-05-06T23:25:35.209+08:00  INFO 17620 --- [jetlinks-platform] [boundedElastic-5] o.j.pro.tracing.LocalTracingService      : flush tracing data complete,size 0,use time 0
2026-05-06T23:26:03.654+08:00  INFO 17620 --- [jetlinks-platform] [things-data-writer-15] o.j.p.t.data.LocalFileThingsDataManager  : flushing thing data, in memory size:0
2026-05-06T23:26:03.657+08:00  INFO 17620 --- [jetlinks-platform] [things-data-writer-15] o.j.p.t.data.LocalFileThingsDataManager  : flushing thing data complete 3ms, in memory size:0
2026-05-06T23:26:05.207+08:00  INFO 17620 --- [jetlinks-platform] [boundedElastic-5] o.j.pro.tracing.LocalTracingService      : flush tracing data...
2026-05-06T23:26:05.208+08:00  INFO 17620 --- [jetlinks-platform] [boundedElastic-5] o.j.pro.tracing.LocalTracingService      : flush tracing data complete,size 0,use time 0
2026-05-06T23:26:33.654+08:00  INFO 17620 --- [jetlinks-platform] [things-data-writer-15] o.j.p.t.data.LocalFileThingsDataManager  : flushing thing data, in memory size:0
2026-05-06T23:26:33.655+08:00  INFO 17620 --- [jetlinks-platform] [things-data-writer-15] o.j.p.t.data.LocalFileThingsDataManager  : flushing thing data complete 1ms, in memory size:0
2026-05-06T23:26:35.205+08:00  INFO 17620 --- [jetlinks-platform] [boundedElastic-5] o.j.pro.tracing.LocalTracingService      : flush tracing data...
2026-05-06T23:26:35.206+08:00  INFO 17620 --- [jetlinks-platform] [boundedElastic-5] o.j.pro.tracing.LocalTracingService      : flush tracing data complete,size 0,use time 0
2026-05-06T23:27:03.656+08:00  INFO 17620 --- [jetlinks-platform] [things-data-writer-15] o.j.p.t.data.LocalFileThingsDataManager  : flushing thing data, in memory size:0
2026-05-06T23:27:03.657+08:00  INFO 17620 --- [jetlinks-platform] [things-data-writer-15] o.j.p.t.data.LocalFileThingsDataManager  : flushing thing data complete 1ms, in memory size:0
2026-05-06T23:27:05.208+08:00  INFO 17620 --- [jetlinks-platform] [boundedElastic-5] o.j.pro.tracing.LocalTracingService      : flush tracing data...
2026-05-06T23:27:05.208+08:00  INFO 17620 --- [jetlinks-platform] [boundedElastic-5] o.j.pro.tracing.LocalTracingService      : flush tracing data complete,size 0,use time 0
2026-05-06T23:27:33.654+08:00  INFO 17620 --- [jetlinks-platform] [things-data-writer-15] o.j.p.t.data.LocalFileThingsDataManager  : flushing thing data, in memory size:0
2026-05-06T23:27:33.655+08:00  INFO 17620 --- [jetlinks-platform] [things-data-writer-15] o.j.p.t.data.LocalFileThingsDataManager  : flushing thing data complete 1ms, in memory size:0
2026-05-06T23:27:35.208+08:00  INFO 17620 --- [jetlinks-platform] [boundedElastic-5] o.j.pro.tracing.LocalTracingService      : flush tracing data...
2026-05-06T23:27:35.209+08:00  INFO 17620 --- [jetlinks-platform] [boundedElastic-5] o.j.pro.tracing.LocalTracingService      : flush tracing data complete,size 0,use time 0
2026-05-06T23:28:03.654+08:00  INFO 17620 --- [jetlinks-platform] [things-data-writer-15] o.j.p.t.data.LocalFileThingsDataManager  : flushing thing data, in memory size:0
2026-05-06T23:28:03.654+08:00  INFO 17620 --- [jetlinks-platform] [things-data-writer-15] o.j.p.t.data.LocalFileThingsDataManager  : flushing thing data complete 0ms, in memory size:0
2026-05-06T23:28:05.206+08:00  INFO 17620 --- [jetlinks-platform] [boundedElastic-5] o.j.pro.tracing.LocalTracingService      : flush tracing data...
2026-05-06T23:28:05.206+08:00  INFO 17620 --- [jetlinks-platform] [boundedElastic-5] o.j.pro.tracing.LocalTracingService      : flush tracing data complete,size 0,use time 0
2026-05-06T23:28:33.654+08:00  INFO 17620 --- [jetlinks-platform] [things-data-writer-15] o.j.p.t.data.LocalFileThingsDataManager  : flushing thing data, in memory size:0
2026-05-06T23:28:33.655+08:00  INFO 17620 --- [jetlinks-platform] [things-data-writer-15] o.j.p.t.data.LocalFileThingsDataManager  : flushing thing data complete 1ms, in memory size:0
2026-05-06T23:28:35.209+08:00  INFO 17620 --- [jetlinks-platform] [boundedElastic-5] o.j.pro.tracing.LocalTracingService      : flush tracing data...
2026-05-06T23:28:35.209+08:00  INFO 17620 --- [jetlinks-platform] [boundedElastic-5] o.j.pro.tracing.LocalTracingService      : flush tracing data complete,size 0,use time 0
2026-05-06T23:29:03.655+08:00  INFO 17620 --- [jetlinks-platform] [things-data-writer-15] o.j.p.t.data.LocalFileThingsDataManager  : flushing thing data, in memory size:0
2026-05-06T23:29:03.657+08:00  INFO 17620 --- [jetlinks-platform] [things-data-writer-15] o.j.p.t.data.LocalFileThingsDataManager  : flushing thing data complete 2ms, in memory size:0
2026-05-06T23:29:05.208+08:00  INFO 17620 --- [jetlinks-platform] [boundedElastic-5] o.j.pro.tracing.LocalTracingService      : flush tracing data...
2026-05-06T23:29:05.208+08:00  INFO 17620 --- [jetlinks-platform] [boundedElastic-5] o.j.pro.tracing.LocalTracingService      : flush tracing data complete,size 0,use time 0
2026-05-06T23:29:33.658+08:00  INFO 17620 --- [jetlinks-platform] [things-data-writer-15] o.j.p.t.data.LocalFileThingsDataManager  : flushing thing data, in memory size:0
2026-05-06T23:29:33.659+08:00  INFO 17620 --- [jetlinks-platform] [things-data-writer-15] o.j.p.t.data.LocalFileThingsDataManager  : flushing thing data complete 1ms, in memory size:0
2026-05-06T23:29:35.212+08:00  INFO 17620 --- [jetlinks-platform] [boundedElastic-5] o.j.pro.tracing.LocalTracingService      : flush tracing data...
2026-05-06T23:29:35.212+08:00  INFO 17620 --- [jetlinks-platform] [boundedElastic-5] o.j.pro.tracing.LocalTracingService      : flush tracing data complete,size 0,use time 0
2026-05-06T23:30:03.658+08:00  INFO 17620 --- [jetlinks-platform] [things-data-writer-15] o.j.p.t.data.LocalFileThingsDataManager  : flushing thing data, in memory size:0
2026-05-06T23:30:03.659+08:00  INFO 17620 --- [jetlinks-platform] [things-data-writer-15] o.j.p.t.data.LocalFileThingsDataManager  : flushing thing data complete 1ms, in memory size:0
2026-05-06T23:30:05.209+08:00  INFO 17620 --- [jetlinks-platform] [boundedElastic-5] o.j.pro.tracing.LocalTracingService      : flush tracing data...
2026-05-06T23:30:05.210+08:00  INFO 17620 --- [jetlinks-platform] [boundedElastic-5] o.j.pro.tracing.LocalTracingService      : flush tracing data complete,size 0,use time 0
2026-05-06T23:30:33.654+08:00  INFO 17620 --- [jetlinks-platform] [things-data-writer-15] o.j.p.t.data.LocalFileThingsDataManager  : flushing thing data, in memory size:0
2026-05-06T23:30:33.655+08:00  INFO 17620 --- [jetlinks-platform] [things-data-writer-15] o.j.p.t.data.LocalFileThingsDataManager  : flushing thing data complete 1ms, in memory size:0
2026-05-06T23:30:35.211+08:00  INFO 17620 --- [jetlinks-platform] [boundedElastic-5] o.j.pro.tracing.LocalTracingService      : flush tracing data...
2026-05-06T23:30:35.211+08:00  INFO 17620 --- [jetlinks-platform] [boundedElastic-5] o.j.pro.tracing.LocalTracingService      : flush tracing data complete,size 0,use time 0
2026-05-06T23:31:03.659+08:00  INFO 17620 --- [jetlinks-platform] [things-data-writer-15] o.j.p.t.data.LocalFileThingsDataManager  : flushing thing data, in memory size:0
2026-05-06T23:31:03.660+08:00  INFO 17620 --- [jetlinks-platform] [things-data-writer-15] o.j.p.t.data.LocalFileThingsDataManager  : flushing thing data complete 1ms, in memory size:0
2026-05-06T23:31:05.211+08:00  INFO 17620 --- [jetlinks-platform] [boundedElastic-5] o.j.pro.tracing.LocalTracingService      : flush tracing data...
2026-05-06T23:31:05.211+08:00  INFO 17620 --- [jetlinks-platform] [boundedElastic-5] o.j.pro.tracing.LocalTracingService      : flush tracing data complete,size 0,use time 0
2026-05-06T23:31:33.659+08:00  INFO 17620 --- [jetlinks-platform] [things-data-writer-15] o.j.p.t.data.LocalFileThingsDataManager  : flushing thing data, in memory size:0
2026-05-06T23:31:33.660+08:00  INFO 17620 --- [jetlinks-platform] [things-data-writer-15] o.j.p.t.data.LocalFileThingsDataManager  : flushing thing data complete 1ms, in memory size:0
2026-05-06T23:31:35.213+08:00  INFO 17620 --- [jetlinks-platform] [boundedElastic-5] o.j.pro.tracing.LocalTracingService      : flush tracing data...
2026-05-06T23:31:35.214+08:00  INFO 17620 --- [jetlinks-platform] [boundedElastic-5] o.j.pro.tracing.LocalTracingService      : flush tracing data complete,size 0,use time 0
2026-05-06T23:31:38.064+08:00  INFO 17620 --- [jetlinks-platform] [lettuce-eventExecutorLoop-5-2] d.s.DefaultReactiveAuthenticationManager : clear all user authentication cache success
2026-05-06T23:32:03.659+08:00  INFO 17620 --- [jetlinks-platform] [things-data-writer-15] o.j.p.t.data.LocalFileThingsDataManager  : flushing thing data, in memory size:0
2026-05-06T23:32:03.661+08:00  INFO 17620 --- [jetlinks-platform] [things-data-writer-15] o.j.p.t.data.LocalFileThingsDataManager  : flushing thing data complete 2ms, in memory size:0
2026-05-06T23:32:05.214+08:00  INFO 17620 --- [jetlinks-platform] [boundedElastic-5] o.j.pro.tracing.LocalTracingService      : flush tracing data...
2026-05-06T23:32:05.215+08:00  INFO 17620 --- [jetlinks-platform] [boundedElastic-5] o.j.pro.tracing.LocalTracingService      : flush tracing data complete,size 0,use time 0
2026-05-06T23:32:33.660+08:00  INFO 17620 --- [jetlinks-platform] [things-data-writer-15] o.j.p.t.data.LocalFileThingsDataManager  : flushing thing data, in memory size:0
2026-05-06T23:32:33.660+08:00  INFO 17620 --- [jetlinks-platform] [things-data-writer-15] o.j.p.t.data.LocalFileThingsDataManager  : flushing thing data complete 0ms, in memory size:0
2026-05-06T23:32:35.211+08:00  INFO 17620 --- [jetlinks-platform] [boundedElastic-5] o.j.pro.tracing.LocalTracingService      : flush tracing data...
2026-05-06T23:32:35.212+08:00  INFO 17620 --- [jetlinks-platform] [boundedElastic-5] o.j.pro.tracing.LocalTracingService      : flush tracing data complete,size 0,use time 0
2026-05-06T23:33:03.660+08:00  INFO 17620 --- [jetlinks-platform] [things-data-writer-15] o.j.p.t.data.LocalFileThingsDataManager  : flushing thing data, in memory size:0
2026-05-06T23:33:03.660+08:00  INFO 17620 --- [jetlinks-platform] [things-data-writer-15] o.j.p.t.data.LocalFileThingsDataManager  : flushing thing data complete 0ms, in memory size:0
2026-05-06T23:33:05.212+08:00  INFO 17620 --- [jetlinks-platform] [boundedElastic-5] o.j.pro.tracing.LocalTracingService      : flush tracing data...
2026-05-06T23:33:05.213+08:00  INFO 17620 --- [jetlinks-platform] [boundedElastic-5] o.j.pro.tracing.LocalTracingService      : flush tracing data complete,size 0,use time 0
2026-05-06T23:33:33.660+08:00  INFO 17620 --- [jetlinks-platform] [things-data-writer-15] o.j.p.t.data.LocalFileThingsDataManager  : flushing thing data, in memory size:0
2026-05-06T23:33:33.661+08:00  INFO 17620 --- [jetlinks-platform] [things-data-writer-15] o.j.p.t.data.LocalFileThingsDataManager  : flushing thing data complete 1ms, in memory size:0
2026-05-06T23:33:35.213+08:00  INFO 17620 --- [jetlinks-platform] [boundedElastic-5] o.j.pro.tracing.LocalTracingService      : flush tracing data...
2026-05-06T23:33:35.214+08:00  INFO 17620 --- [jetlinks-platform] [boundedElastic-5] o.j.pro.tracing.LocalTracingService      : flush tracing data complete,size 0,use time 0
2026-05-06T23:34:03.660+08:00  INFO 17620 --- [jetlinks-platform] [things-data-writer-15] o.j.p.t.data.LocalFileThingsDataManager  : flushing thing data, in memory size:0
2026-05-06T23:34:03.662+08:00  INFO 17620 --- [jetlinks-platform] [things-data-writer-15] o.j.p.t.data.LocalFileThingsDataManager  : flushing thing data complete 2ms, in memory size:0
2026-05-06T23:34:05.212+08:00  INFO 17620 --- [jetlinks-platform] [boundedElastic-5] o.j.pro.tracing.LocalTracingService      : flush tracing data...
2026-05-06T23:34:05.213+08:00  INFO 17620 --- [jetlinks-platform] [boundedElastic-5] o.j.pro.tracing.LocalTracingService      : flush tracing data complete,size 0,use time 0
2026-05-06T23:34:33.658+08:00  INFO 17620 --- [jetlinks-platform] [things-data-writer-15] o.j.p.t.data.LocalFileThingsDataManager  : flushing thing data, in memory size:0
2026-05-06T23:34:33.659+08:00  INFO 17620 --- [jetlinks-platform] [things-data-writer-15] o.j.p.t.data.LocalFileThingsDataManager  : flushing thing data complete 1ms, in memory size:0
2026-05-06T23:34:35.215+08:00  INFO 17620 --- [jetlinks-platform] [boundedElastic-5] o.j.pro.tracing.LocalTracingService      : flush tracing data...
2026-05-06T23:34:35.216+08:00  INFO 17620 --- [jetlinks-platform] [boundedElastic-5] o.j.pro.tracing.LocalTracingService      : flush tracing data complete,size 0,use time 0
2026-05-06T23:35:03.662+08:00  INFO 17620 --- [jetlinks-platform] [things-data-writer-15] o.j.p.t.data.LocalFileThingsDataManager  : flushing thing data, in memory size:0
2026-05-06T23:35:03.662+08:00  INFO 17620 --- [jetlinks-platform] [things-data-writer-15] o.j.p.t.data.LocalFileThingsDataManager  : flushing thing data complete 1ms, in memory size:0
2026-05-06T23:35:05.214+08:00  INFO 17620 --- [jetlinks-platform] [boundedElastic-5] o.j.pro.tracing.LocalTracingService      : flush tracing data...
2026-05-06T23:35:05.214+08:00  INFO 17620 --- [jetlinks-platform] [boundedElastic-5] o.j.pro.tracing.LocalTracingService      : flush tracing data complete,size 0,use time 0
2026-05-06T23:35:33.661+08:00  INFO 17620 --- [jetlinks-platform] [things-data-writer-15] o.j.p.t.data.LocalFileThingsDataManager  : flushing thing data, in memory size:0
2026-05-06T23:35:33.661+08:00  INFO 17620 --- [jetlinks-platform] [things-data-writer-15] o.j.p.t.data.LocalFileThingsDataManager  : flushing thing data complete 0ms, in memory size:0
2026-05-06T23:35:35.212+08:00  INFO 17620 --- [jetlinks-platform] [boundedElastic-5] o.j.pro.tracing.LocalTracingService      : flush tracing data...
2026-05-06T23:35:35.213+08:00  INFO 17620 --- [jetlinks-platform] [boundedElastic-5] o.j.pro.tracing.LocalTracingService      : flush tracing data complete,size 0,use time 0
2026-05-06T23:36:00.059+08:00 ERROR 17620 --- [jetlinks-platform] [boundedElastic-12] j.p.e.s.t.ElasticSearchTimeSeriesService : [es/indices.get_index_template] failed: [resource_not_found_exception] index template matching [net_monitor_template] not found
co.elastic.clients.elasticsearch._types.ElasticsearchException: [es/indices.get_index_template] failed: [resource_not_found_exception] index template matching [net_monitor_template] not found
	at co.elastic.clients.transport.ElasticsearchTransportBase.getApiResponse(ElasticsearchTransportBase.java:341)
Suppressed: The stacktrace has been enhanced by Reactor, refer to additional information below: 
Assembly trace from producer [reactor.core.publisher.MonoSubscribeOnCallable] :
	reactor.core.publisher.Mono.subscribeOn
	org.jetlinks.pro.elastic.search.service.reactive.DefaultReactiveElasticsearchClient.execute(DefaultReactiveElasticsearchClient.java:65)
Error has been observed at the following site(s):
	*____Mono.subscribeOn ⇢ at org.jetlinks.pro.elastic.search.service.reactive.DefaultReactiveElasticsearchClient.execute(DefaultReactiveElasticsearchClient.java:65)
	|_                    ⇢ at org.jetlinks.pro.elastic.search.index.strategies.TemplateElasticSearchIndexStrategy.loadIndexMetadata(TemplateElasticSearchIndexStrategy.java:94)
	|_                    ⇢ at org.jetlinks.pro.elastic.search.index.DefaultElasticSearchIndexManager.lambda$doLoadMetaData$6(DefaultElasticSearchIndexManager.java:105)
	*________Mono.flatMap ⇢ at org.jetlinks.pro.elastic.search.index.DefaultElasticSearchIndexManager.doLoadMetaData(DefaultElasticSearchIndexManager.java:105)
	|_      Mono.doOnNext ⇢ at org.jetlinks.pro.elastic.search.index.DefaultElasticSearchIndexManager.lambda$getIndexMetadata$5(DefaultElasticSearchIndexManager.java:100)
	*__________Mono.defer ⇢ at org.jetlinks.pro.elastic.search.index.DefaultElasticSearchIndexManager.getIndexMetadata(DefaultElasticSearchIndexManager.java:99)
	*__Mono.switchIfEmpty ⇢ at org.jetlinks.pro.elastic.search.index.DefaultElasticSearchIndexManager.getIndexMetadata(DefaultElasticSearchIndexManager.java:99)
	*____________Mono.zip ⇢ at org.jetlinks.pro.elastic.search.service.reactive.ReactiveAggregationService.aggregation(ReactiveAggregationService.java:207)
	|_   Mono.flatMapMany ⇢ at org.jetlinks.pro.elastic.search.service.reactive.ReactiveAggregationService.aggregation(ReactiveAggregationService.java:213)
	|_                    ⇢ at org.jetlinks.pro.elastic.search.service.reactive.ReactiveAggregationService.aggregation(ReactiveAggregationService.java:243)
Original Stack Trace:
	at co.elastic.clients.transport.ElasticsearchTransportBase.getApiResponse(ElasticsearchTransportBase.java:341)
	at co.elastic.clients.transport.ElasticsearchTransportBase.performRequest(ElasticsearchTransportBase.java:143)
	at co.elastic.clients.elasticsearch.indices.ElasticsearchIndicesClient.getIndexTemplate(ElasticsearchIndicesClient.java:1108)
	at co.elastic.clients.elasticsearch.indices.ElasticsearchIndicesClient.getIndexTemplate(ElasticsearchIndicesClient.java:1125)
	at org.jetlinks.pro.elastic.search.index.strategies.TemplateElasticSearchIndexStrategy.lambda$loadIndexMetadata$9(TemplateElasticSearchIndexStrategy.java:99)
	at org.jetlinks.pro.elastic.search.service.reactive.DefaultReactiveElasticsearchClient.lambda$execute$1(DefaultReactiveElasticsearchClient.java:63)
	...10 frames excluded
2026-05-06T23:36:03.659+08:00  INFO 17620 --- [jetlinks-platform] [things-data-writer-15] o.j.p.t.data.LocalFileThingsDataManager  : flushing thing data, in memory size:0
2026-05-06T23:36:03.660+08:00  INFO 17620 --- [jetlinks-platform] [things-data-writer-15] o.j.p.t.data.LocalFileThingsDataManager  : flushing thing data complete 1ms, in memory size:0
2026-05-06T23:36:05.219+08:00  INFO 17620 --- [jetlinks-platform] [boundedElastic-5] o.j.pro.tracing.LocalTracingService      : flush tracing data...
2026-05-06T23:36:05.220+08:00  INFO 17620 --- [jetlinks-platform] [boundedElastic-5] o.j.pro.tracing.LocalTracingService      : flush tracing data complete,size 0,use time 0
2026-05-06T23:36:06.094+08:00 ERROR 17620 --- [jetlinks-platform] [boundedElastic-12] j.p.e.s.t.ElasticSearchTimeSeriesService : [es/indices.get_index_template] failed: [resource_not_found_exception] index template matching [net_monitor_template] not found
co.elastic.clients.elasticsearch._types.ElasticsearchException: [es/indices.get_index_template] failed: [resource_not_found_exception] index template matching [net_monitor_template] not found
	at co.elastic.clients.transport.ElasticsearchTransportBase.getApiResponse(ElasticsearchTransportBase.java:341)
Suppressed: The stacktrace has been enhanced by Reactor, refer to additional information below: 
Assembly trace from producer [reactor.core.publisher.MonoSubscribeOnCallable] :
	reactor.core.publisher.Mono.subscribeOn
	org.jetlinks.pro.elastic.search.service.reactive.DefaultReactiveElasticsearchClient.execute(DefaultReactiveElasticsearchClient.java:65)
Error has been observed at the following site(s):
	*____Mono.subscribeOn ⇢ at org.jetlinks.pro.elastic.search.service.reactive.DefaultReactiveElasticsearchClient.execute(DefaultReactiveElasticsearchClient.java:65)
	|_                    ⇢ at org.jetlinks.pro.elastic.search.index.strategies.TemplateElasticSearchIndexStrategy.loadIndexMetadata(TemplateElasticSearchIndexStrategy.java:94)
	|_                    ⇢ at org.jetlinks.pro.elastic.search.index.DefaultElasticSearchIndexManager.lambda$doLoadMetaData$6(DefaultElasticSearchIndexManager.java:105)
	*________Mono.flatMap ⇢ at org.jetlinks.pro.elastic.search.index.DefaultElasticSearchIndexManager.doLoadMetaData(DefaultElasticSearchIndexManager.java:105)
	|_      Mono.doOnNext ⇢ at org.jetlinks.pro.elastic.search.index.DefaultElasticSearchIndexManager.lambda$getIndexMetadata$5(DefaultElasticSearchIndexManager.java:100)
	*__________Mono.defer ⇢ at org.jetlinks.pro.elastic.search.index.DefaultElasticSearchIndexManager.getIndexMetadata(DefaultElasticSearchIndexManager.java:99)
	*__Mono.switchIfEmpty ⇢ at org.jetlinks.pro.elastic.search.index.DefaultElasticSearchIndexManager.getIndexMetadata(DefaultElasticSearchIndexManager.java:99)
	*____________Mono.zip ⇢ at org.jetlinks.pro.elastic.search.service.reactive.ReactiveAggregationService.aggregation(ReactiveAggregationService.java:207)
	|_   Mono.flatMapMany ⇢ at org.jetlinks.pro.elastic.search.service.reactive.ReactiveAggregationService.aggregation(ReactiveAggregationService.java:213)
	|_                    ⇢ at org.jetlinks.pro.elastic.search.service.reactive.ReactiveAggregationService.aggregation(ReactiveAggregationService.java:243)
Original Stack Trace:
	at co.elastic.clients.transport.ElasticsearchTransportBase.getApiResponse(ElasticsearchTransportBase.java:341)
	at co.elastic.clients.transport.ElasticsearchTransportBase.performRequest(ElasticsearchTransportBase.java:143)
	at co.elastic.clients.elasticsearch.indices.ElasticsearchIndicesClient.getIndexTemplate(ElasticsearchIndicesClient.java:1108)
	at co.elastic.clients.elasticsearch.indices.ElasticsearchIndicesClient.getIndexTemplate(ElasticsearchIndicesClient.java:1125)
	at org.jetlinks.pro.elastic.search.index.strategies.TemplateElasticSearchIndexStrategy.lambda$loadIndexMetadata$9(TemplateElasticSearchIndexStrategy.java:99)
	at org.jetlinks.pro.elastic.search.service.reactive.DefaultReactiveElasticsearchClient.lambda$execute$1(DefaultReactiveElasticsearchClient.java:63)
	...10 frames excluded
2026-05-06T23:36:33.662+08:00  INFO 17620 --- [jetlinks-platform] [things-data-writer-15] o.j.p.t.data.LocalFileThingsDataManager  : flushing thing data, in memory size:0
2026-05-06T23:36:33.663+08:00  INFO 17620 --- [jetlinks-platform] [things-data-writer-15] o.j.p.t.data.LocalFileThingsDataManager  : flushing thing data complete 1ms, in memory size:0
2026-05-06T23:36:35.217+08:00  INFO 17620 --- [jetlinks-platform] [boundedElastic-5] o.j.pro.tracing.LocalTracingService      : flush tracing data...
2026-05-06T23:36:35.218+08:00  INFO 17620 --- [jetlinks-platform] [boundedElastic-5] o.j.pro.tracing.LocalTracingService      : flush tracing data complete,size 0,use time 0
2026-05-06T23:37:03.662+08:00  INFO 17620 --- [jetlinks-platform] [things-data-writer-15] o.j.p.t.data.LocalFileThingsDataManager  : flushing thing data, in memory size:0
2026-05-06T23:37:03.664+08:00  INFO 17620 --- [jetlinks-platform] [things-data-writer-15] o.j.p.t.data.LocalFileThingsDataManager  : flushing thing data complete 2ms, in memory size:0
2026-05-06T23:37:05.218+08:00  INFO 17620 --- [jetlinks-platform] [boundedElastic-5] o.j.pro.tracing.LocalTracingService      : flush tracing data...
2026-05-06T23:37:05.218+08:00  INFO 17620 --- [jetlinks-platform] [boundedElastic-5] o.j.pro.tracing.LocalTracingService      : flush tracing data complete,size 0,use time 0
2026-05-06T23:37:33.662+08:00  INFO 17620 --- [jetlinks-platform] [things-data-writer-15] o.j.p.t.data.LocalFileThingsDataManager  : flushing thing data, in memory size:0
2026-05-06T23:37:33.663+08:00  INFO 17620 --- [jetlinks-platform] [things-data-writer-15] o.j.p.t.data.LocalFileThingsDataManager  : flushing thing data complete 1ms, in memory size:0
2026-05-06T23:37:35.215+08:00  INFO 17620 --- [jetlinks-platform] [boundedElastic-5] o.j.pro.tracing.LocalTracingService      : flush tracing data...
2026-05-06T23:37:35.216+08:00  INFO 17620 --- [jetlinks-platform] [boundedElastic-5] o.j.pro.tracing.LocalTracingService      : flush tracing data complete,size 0,use time 0
2026-05-06T23:38:03.661+08:00  INFO 17620 --- [jetlinks-platform] [things-data-writer-15] o.j.p.t.data.LocalFileThingsDataManager  : flushing thing data, in memory size:0
2026-05-06T23:38:03.662+08:00  INFO 17620 --- [jetlinks-platform] [things-data-writer-15] o.j.p.t.data.LocalFileThingsDataManager  : flushing thing data complete 1ms, in memory size:0
2026-05-06T23:38:05.217+08:00  INFO 17620 --- [jetlinks-platform] [boundedElastic-5] o.j.pro.tracing.LocalTracingService      : flush tracing data...
2026-05-06T23:38:05.218+08:00  INFO 17620 --- [jetlinks-platform] [boundedElastic-5] o.j.pro.tracing.LocalTracingService      : flush tracing data complete,size 0,use time 0
2026-05-06T23:38:15.354+08:00 ERROR 17620 --- [jetlinks-platform] [boundedElastic-13] j.p.e.s.t.ElasticSearchTimeSeriesService : [es/indices.get_index_template] failed: [resource_not_found_exception] index template matching [net_monitor_template] not found
co.elastic.clients.elasticsearch._types.ElasticsearchException: [es/indices.get_index_template] failed: [resource_not_found_exception] index template matching [net_monitor_template] not found
	at co.elastic.clients.transport.ElasticsearchTransportBase.getApiResponse(ElasticsearchTransportBase.java:341)
Suppressed: The stacktrace has been enhanced by Reactor, refer to additional information below: 
Assembly trace from producer [reactor.core.publisher.MonoSubscribeOnCallable] :
	reactor.core.publisher.Mono.subscribeOn
	org.jetlinks.pro.elastic.search.service.reactive.DefaultReactiveElasticsearchClient.execute(DefaultReactiveElasticsearchClient.java:65)
Error has been observed at the following site(s):
	*____Mono.subscribeOn ⇢ at org.jetlinks.pro.elastic.search.service.reactive.DefaultReactiveElasticsearchClient.execute(DefaultReactiveElasticsearchClient.java:65)
	|_                    ⇢ at org.jetlinks.pro.elastic.search.index.strategies.TemplateElasticSearchIndexStrategy.loadIndexMetadata(TemplateElasticSearchIndexStrategy.java:94)
	|_                    ⇢ at org.jetlinks.pro.elastic.search.index.DefaultElasticSearchIndexManager.lambda$doLoadMetaData$6(DefaultElasticSearchIndexManager.java:105)
	*________Mono.flatMap ⇢ at org.jetlinks.pro.elastic.search.index.DefaultElasticSearchIndexManager.doLoadMetaData(DefaultElasticSearchIndexManager.java:105)
	|_      Mono.doOnNext ⇢ at org.jetlinks.pro.elastic.search.index.DefaultElasticSearchIndexManager.lambda$getIndexMetadata$5(DefaultElasticSearchIndexManager.java:100)
	*__________Mono.defer ⇢ at org.jetlinks.pro.elastic.search.index.DefaultElasticSearchIndexManager.getIndexMetadata(DefaultElasticSearchIndexManager.java:99)
	*__Mono.switchIfEmpty ⇢ at org.jetlinks.pro.elastic.search.index.DefaultElasticSearchIndexManager.getIndexMetadata(DefaultElasticSearchIndexManager.java:99)
	*____________Mono.zip ⇢ at org.jetlinks.pro.elastic.search.service.reactive.ReactiveAggregationService.aggregation(ReactiveAggregationService.java:207)
	|_   Mono.flatMapMany ⇢ at org.jetlinks.pro.elastic.search.service.reactive.ReactiveAggregationService.aggregation(ReactiveAggregationService.java:213)
	|_                    ⇢ at org.jetlinks.pro.elastic.search.service.reactive.ReactiveAggregationService.aggregation(ReactiveAggregationService.java:243)
Original Stack Trace:
	at co.elastic.clients.transport.ElasticsearchTransportBase.getApiResponse(ElasticsearchTransportBase.java:341)
	at co.elastic.clients.transport.ElasticsearchTransportBase.performRequest(ElasticsearchTransportBase.java:143)
	at co.elastic.clients.elasticsearch.indices.ElasticsearchIndicesClient.getIndexTemplate(ElasticsearchIndicesClient.java:1108)
	at co.elastic.clients.elasticsearch.indices.ElasticsearchIndicesClient.getIndexTemplate(ElasticsearchIndicesClient.java:1125)
	at org.jetlinks.pro.elastic.search.index.strategies.TemplateElasticSearchIndexStrategy.lambda$loadIndexMetadata$9(TemplateElasticSearchIndexStrategy.java:99)
	at org.jetlinks.pro.elastic.search.service.reactive.DefaultReactiveElasticsearchClient.lambda$execute$1(DefaultReactiveElasticsearchClient.java:63)
	...10 frames excluded
2026-05-06T23:38:33.664+08:00  INFO 17620 --- [jetlinks-platform] [things-data-writer-15] o.j.p.t.data.LocalFileThingsDataManager  : flushing thing data, in memory size:0
2026-05-06T23:38:33.665+08:00  INFO 17620 --- [jetlinks-platform] [things-data-writer-15] o.j.p.t.data.LocalFileThingsDataManager  : flushing thing data complete 1ms, in memory size:0
2026-05-06T23:38:35.216+08:00  INFO 17620 --- [jetlinks-platform] [boundedElastic-5] o.j.pro.tracing.LocalTracingService      : flush tracing data...
2026-05-06T23:38:35.216+08:00  INFO 17620 --- [jetlinks-platform] [boundedElastic-5] o.j.pro.tracing.LocalTracingService      : flush tracing data complete,size 0,use time 0
2026-05-06T23:39:03.665+08:00  INFO 17620 --- [jetlinks-platform] [things-data-writer-15] o.j.p.t.data.LocalFileThingsDataManager  : flushing thing data, in memory size:0
2026-05-06T23:39:03.668+08:00  INFO 17620 --- [jetlinks-platform] [things-data-writer-15] o.j.p.t.data.LocalFileThingsDataManager  : flushing thing data complete 3ms, in memory size:0
2026-05-06T23:39:05.218+08:00  INFO 17620 --- [jetlinks-platform] [boundedElastic-5] o.j.pro.tracing.LocalTracingService      : flush tracing data...
2026-05-06T23:39:05.218+08:00  INFO 17620 --- [jetlinks-platform] [boundedElastic-5] o.j.pro.tracing.LocalTracingService      : flush tracing data complete,size 0,use time 0
2026-05-06T23:39:33.663+08:00  INFO 17620 --- [jetlinks-platform] [things-data-writer-15] o.j.p.t.data.LocalFileThingsDataManager  : flushing thing data, in memory size:0
2026-05-06T23:39:33.664+08:00  INFO 17620 --- [jetlinks-platform] [things-data-writer-15] o.j.p.t.data.LocalFileThingsDataManager  : flushing thing data complete 1ms, in memory size:0
2026-05-06T23:39:35.219+08:00  INFO 17620 --- [jetlinks-platform] [boundedElastic-5] o.j.pro.tracing.LocalTracingService      : flush tracing data...
2026-05-06T23:39:35.219+08:00  INFO 17620 --- [jetlinks-platform] [boundedElastic-5] o.j.pro.tracing.LocalTracingService      : flush tracing data complete,size 0,use time 0
2026-05-06T23:39:46.585+08:00 ERROR 17620 --- [jetlinks-platform] [boundedElastic-12] j.p.e.s.t.ElasticSearchTimeSeriesService : [es/indices.get_index_template] failed: [resource_not_found_exception] index template matching [net_monitor_template] not found
co.elastic.clients.elasticsearch._types.ElasticsearchException: [es/indices.get_index_template] failed: [resource_not_found_exception] index template matching [net_monitor_template] not found
	at co.elastic.clients.transport.ElasticsearchTransportBase.getApiResponse(ElasticsearchTransportBase.java:341)
Suppressed: The stacktrace has been enhanced by Reactor, refer to additional information below: 
Assembly trace from producer [reactor.core.publisher.MonoSubscribeOnCallable] :
	reactor.core.publisher.Mono.subscribeOn
	org.jetlinks.pro.elastic.search.service.reactive.DefaultReactiveElasticsearchClient.execute(DefaultReactiveElasticsearchClient.java:65)
Error has been observed at the following site(s):
	*____Mono.subscribeOn ⇢ at org.jetlinks.pro.elastic.search.service.reactive.DefaultReactiveElasticsearchClient.execute(DefaultReactiveElasticsearchClient.java:65)
	|_                    ⇢ at org.jetlinks.pro.elastic.search.index.strategies.TemplateElasticSearchIndexStrategy.loadIndexMetadata(TemplateElasticSearchIndexStrategy.java:94)
	|_                    ⇢ at org.jetlinks.pro.elastic.search.index.DefaultElasticSearchIndexManager.lambda$doLoadMetaData$6(DefaultElasticSearchIndexManager.java:105)
	*________Mono.flatMap ⇢ at org.jetlinks.pro.elastic.search.index.DefaultElasticSearchIndexManager.doLoadMetaData(DefaultElasticSearchIndexManager.java:105)
	|_      Mono.doOnNext ⇢ at org.jetlinks.pro.elastic.search.index.DefaultElasticSearchIndexManager.lambda$getIndexMetadata$5(DefaultElasticSearchIndexManager.java:100)
	*__________Mono.defer ⇢ at org.jetlinks.pro.elastic.search.index.DefaultElasticSearchIndexManager.getIndexMetadata(DefaultElasticSearchIndexManager.java:99)
	*__Mono.switchIfEmpty ⇢ at org.jetlinks.pro.elastic.search.index.DefaultElasticSearchIndexManager.getIndexMetadata(DefaultElasticSearchIndexManager.java:99)
	*____________Mono.zip ⇢ at org.jetlinks.pro.elastic.search.service.reactive.ReactiveAggregationService.aggregation(ReactiveAggregationService.java:207)
	|_   Mono.flatMapMany ⇢ at org.jetlinks.pro.elastic.search.service.reactive.ReactiveAggregationService.aggregation(ReactiveAggregationService.java:213)
	|_                    ⇢ at org.jetlinks.pro.elastic.search.service.reactive.ReactiveAggregationService.aggregation(ReactiveAggregationService.java:243)
Original Stack Trace:
	at co.elastic.clients.transport.ElasticsearchTransportBase.getApiResponse(ElasticsearchTransportBase.java:341)
	at co.elastic.clients.transport.ElasticsearchTransportBase.performRequest(ElasticsearchTransportBase.java:143)
	at co.elastic.clients.elasticsearch.indices.ElasticsearchIndicesClient.getIndexTemplate(ElasticsearchIndicesClient.java:1108)
	at co.elastic.clients.elasticsearch.indices.ElasticsearchIndicesClient.getIndexTemplate(ElasticsearchIndicesClient.java:1125)
	at org.jetlinks.pro.elastic.search.index.strategies.TemplateElasticSearchIndexStrategy.lambda$loadIndexMetadata$9(TemplateElasticSearchIndexStrategy.java:99)
	at org.jetlinks.pro.elastic.search.service.reactive.DefaultReactiveElasticsearchClient.lambda$execute$1(DefaultReactiveElasticsearchClient.java:63)
	...10 frames excluded
2026-05-06T23:39:52.672+08:00 ERROR 17620 --- [jetlinks-platform] [boundedElastic-12] j.p.e.s.t.ElasticSearchTimeSeriesService : [es/indices.get_index_template] failed: [resource_not_found_exception] index template matching [net_monitor_template] not found
co.elastic.clients.elasticsearch._types.ElasticsearchException: [es/indices.get_index_template] failed: [resource_not_found_exception] index template matching [net_monitor_template] not found
	at co.elastic.clients.transport.ElasticsearchTransportBase.getApiResponse(ElasticsearchTransportBase.java:341)
Suppressed: The stacktrace has been enhanced by Reactor, refer to additional information below: 
Assembly trace from producer [reactor.core.publisher.MonoSubscribeOnCallable] :
	reactor.core.publisher.Mono.subscribeOn
	org.jetlinks.pro.elastic.search.service.reactive.DefaultReactiveElasticsearchClient.execute(DefaultReactiveElasticsearchClient.java:65)
Error has been observed at the following site(s):
	*____Mono.subscribeOn ⇢ at org.jetlinks.pro.elastic.search.service.reactive.DefaultReactiveElasticsearchClient.execute(DefaultReactiveElasticsearchClient.java:65)
	|_                    ⇢ at org.jetlinks.pro.elastic.search.index.strategies.TemplateElasticSearchIndexStrategy.loadIndexMetadata(TemplateElasticSearchIndexStrategy.java:94)
	|_                    ⇢ at org.jetlinks.pro.elastic.search.index.DefaultElasticSearchIndexManager.lambda$doLoadMetaData$6(DefaultElasticSearchIndexManager.java:105)
	*________Mono.flatMap ⇢ at org.jetlinks.pro.elastic.search.index.DefaultElasticSearchIndexManager.doLoadMetaData(DefaultElasticSearchIndexManager.java:105)
	|_      Mono.doOnNext ⇢ at org.jetlinks.pro.elastic.search.index.DefaultElasticSearchIndexManager.lambda$getIndexMetadata$5(DefaultElasticSearchIndexManager.java:100)
	*__________Mono.defer ⇢ at org.jetlinks.pro.elastic.search.index.DefaultElasticSearchIndexManager.getIndexMetadata(DefaultElasticSearchIndexManager.java:99)
	*__Mono.switchIfEmpty ⇢ at org.jetlinks.pro.elastic.search.index.DefaultElasticSearchIndexManager.getIndexMetadata(DefaultElasticSearchIndexManager.java:99)
	*____________Mono.zip ⇢ at org.jetlinks.pro.elastic.search.service.reactive.ReactiveAggregationService.aggregation(ReactiveAggregationService.java:207)
	|_   Mono.flatMapMany ⇢ at org.jetlinks.pro.elastic.search.service.reactive.ReactiveAggregationService.aggregation(ReactiveAggregationService.java:213)
	|_                    ⇢ at org.jetlinks.pro.elastic.search.service.reactive.ReactiveAggregationService.aggregation(ReactiveAggregationService.java:243)
Original Stack Trace:
	at co.elastic.clients.transport.ElasticsearchTransportBase.getApiResponse(ElasticsearchTransportBase.java:341)
	at co.elastic.clients.transport.ElasticsearchTransportBase.performRequest(ElasticsearchTransportBase.java:143)
	at co.elastic.clients.elasticsearch.indices.ElasticsearchIndicesClient.getIndexTemplate(ElasticsearchIndicesClient.java:1108)
	at co.elastic.clients.elasticsearch.indices.ElasticsearchIndicesClient.getIndexTemplate(ElasticsearchIndicesClient.java:1125)
	at org.jetlinks.pro.elastic.search.index.strategies.TemplateElasticSearchIndexStrategy.lambda$loadIndexMetadata$9(TemplateElasticSearchIndexStrategy.java:99)
	at org.jetlinks.pro.elastic.search.service.reactive.DefaultReactiveElasticsearchClient.lambda$execute$1(DefaultReactiveElasticsearchClient.java:63)
	...10 frames excluded
2026-05-06T23:40:03.664+08:00  INFO 17620 --- [jetlinks-platform] [things-data-writer-15] o.j.p.t.data.LocalFileThingsDataManager  : flushing thing data, in memory size:0
2026-05-06T23:40:03.664+08:00  INFO 17620 --- [jetlinks-platform] [things-data-writer-15] o.j.p.t.data.LocalFileThingsDataManager  : flushing thing data complete 0ms, in memory size:0
2026-05-06T23:40:05.219+08:00  INFO 17620 --- [jetlinks-platform] [boundedElastic-5] o.j.pro.tracing.LocalTracingService      : flush tracing data...
2026-05-06T23:40:05.219+08:00  INFO 17620 --- [jetlinks-platform] [boundedElastic-5] o.j.pro.tracing.LocalTracingService      : flush tracing data complete,size 0,use time 0
2026-05-06T23:40:33.666+08:00  INFO 17620 --- [jetlinks-platform] [things-data-writer-15] o.j.p.t.data.LocalFileThingsDataManager  : flushing thing data, in memory size:0
2026-05-06T23:40:33.666+08:00  INFO 17620 --- [jetlinks-platform] [things-data-writer-15] o.j.p.t.data.LocalFileThingsDataManager  : flushing thing data complete 0ms, in memory size:0
2026-05-06T23:40:35.218+08:00  INFO 17620 --- [jetlinks-platform] [boundedElastic-5] o.j.pro.tracing.LocalTracingService      : flush tracing data...
2026-05-06T23:40:35.219+08:00  INFO 17620 --- [jetlinks-platform] [boundedElastic-5] o.j.pro.tracing.LocalTracingService      : flush tracing data complete,size 0,use time 0
2026-05-06T23:41:03.665+08:00  INFO 17620 --- [jetlinks-platform] [things-data-writer-15] o.j.p.t.data.LocalFileThingsDataManager  : flushing thing data, in memory size:0
2026-05-06T23:41:03.666+08:00  INFO 17620 --- [jetlinks-platform] [things-data-writer-15] o.j.p.t.data.LocalFileThingsDataManager  : flushing thing data complete 1ms, in memory size:0
2026-05-06T23:41:05.219+08:00  INFO 17620 --- [jetlinks-platform] [boundedElastic-5] o.j.pro.tracing.LocalTracingService      : flush tracing data...
2026-05-06T23:41:05.220+08:00  INFO 17620 --- [jetlinks-platform] [boundedElastic-5] o.j.pro.tracing.LocalTracingService      : flush tracing data complete,size 0,use time 0
